t_max,t_max_pct,x_t_max,camber_max,camber_max_pct,x_camber_max,camber_min,camber_min_pct,x_camber_min,camber_abs_max,camber_abs_max_pct,x_camber_abs_max,espessura_min,superficies_cruzam,perfil,Au0,Au1,Au2,Au3,Au4,Au5,Au6,Al0,Al1,Al2,Al3,Al4,Al5,Al6,DeltaTE_upper,DeltaTE_lower,CL,CD,CM
0.10747332456514394,10.747332456514394,0.132000736,0.10217498420560386,10.217498420560386,0.359500281,1.8813099947245394e-07,1.8813099947245393e-05,0.999999,0.10217498420560386,10.217498420560386,0.359500281,3.585594965445321e-07,False,raf19,0.2384444545,0.6996523787,-0.1110028143,0.872139934,-0.0585407692,0.5241851173,0.3674099908,-0.1006969826,0.0579394074,0.4401552682,-0.06833708,0.3090097851,0.1799545945,0.008850229,0.0,0.0,,,
0.12548370307203807,12.548370307203808,0.255500489,0.10148525136954592,10.148525136954593,0.43350013299999995,4.2093861267942827e-07,4.209386126794283e-05,0.999999,0.10148525136954592,10.148525136954593,0.43350013299999995,3.518596595224101e-07,False,e423,0.3280783908,0.3789951647,0.4204687538,0.4671504236,0.4235503462,0.3569623999,0.5968701803,-0.1190523748,0.0814864665,0.0779570308,0.1845264286,0.1366343344,0.1971951677,0.2450091923,0.0,0.0,1.7142,0.02028,-0.2298
0.03896952292922353,3.8969522929223532,0.07500085,0.08654197166674303,8.654197166674303,0.36500026999999996,8.012822138312369e-08,8.01282213831237e-06,0.999999,0.08654197166674303,8.654197166674303,0.36500026999999996,6.820092215877773e-08,False,e377,0.1673331476,0.3008560012,0.181784536,0.3498173116,0.0827914903,0.2516076161,0.1142279153,-0.068245545,0.2922026774,0.117910956,0.3999522487,0.030475457,0.3137969392,0.0460261767,-0.0,-0.0,,,
0.12128043553715545,12.128043553715544,0.208000584,0.08597081405720308,8.597081405720308,0.49950000099999997,-0.0006013358342877998,-0.06013358342877998,0.999999,0.08597081405720308,8.597081405720308,0.49950000099999997,2.8065702571699897e-07,False,s1223,0.2887228062,0.3573008973,0.4944662351,0.0131090206,0.7394727737,-0.023867878,0.8863980473,-0.1647743471,0.1440983448,-0.1327800258,0.3464983707,0.1148325226,0.22006903,0.6057377337,-0.0006020825,-0.0006020825,1.8686,0.02405,-0.2705
0.051108813774070956,5.110881377407096,0.095500809,0.07809685564553054,7.809685564553054,0.45750008499999995,2.41795776379158e-07,2.4179577637915798e-05,0.999999,0.07809685564553054,7.809685564553054,0.45750008499999995,2.0803299544311396e-08,False,as6095,0.1808267066,0.2376160222,0.1877145404,0.2637346955,0.2097965891,0.271304784,0.2521974376,-0.0846956825,0.1340668973,0.1778460679,0.2106176591,0.2685458025,0.247893716,0.2313941433,0.0,-0.0,1.4526,0.01453,-0.174
0.041523019547531605,4.1523019547531606,0.077500845,0.07769172380320893,7.769172380320893,0.44800010399999995,2.3860886836973964e-07,2.3860886836973962e-05,0.999999,0.07769172380320893,7.769172380320893,0.44800010399999995,2.7766522726488485e-08,False,as6094,0.1691255104,0.2188516074,0.1815103117,0.2530368549,0.2036229304,0.2796709981,0.2524920929,-0.0752371799,0.1907797366,0.1433100066,0.2706561711,0.2074605509,0.2680195394,0.2247254596,0.0,-0.0,1.4385,0.01488,-0.1723
0.18513698216332125,18.513698216332124,0.274500451,0.07260225583290882,7.2602255832908815,0.522499955,2.9478215580341655e-07,2.9478215580341655e-05,0.999999,0.07260225583290882,7.2602255832908815,0.522499955,0.0004074575362657571,False,goe222,0.2623170049,0.520024936,0.1934609298,0.6434922483,0.2498888168,0.5408649433,0.420992093,-0.1451365191,-0.1240500107,-0.1648844886,0.0924702142,0.0302130906,0.0902290955,0.1685722642,0.0015,-0.0015,1.4681,0.01927,-0.1887
0.12049698089665524,12.049698089665524,0.225500549,0.07211167295619095,7.211167295619095,0.511499977,-0.0004897387762394729,-0.04897387762394728,0.999999,0.07211167295619095,7.211167295619095,0.511499977,9.775363552725746e-08,False,s1210,0.2530411771,0.3190092975,0.3466755218,0.2306570834,0.449634677,0.1227328685,0.6369136545,-0.1083029788,-0.0275606387,-0.0317915805,0.1506274029,0.1674660699,0.1286459896,0.5391593481,-0.0004903273,-0.0004903273,1.7126,0.01819,-0.2397
0.07989169365329443,7.9891693653294436,0.179000642,0.0695997727303745,6.95997727303745,0.36300027399999996,1.3943525888993145e-07,1.3943525888993145e-05,0.999999,0.0695997727303745,6.95997727303745,0.36300027399999996,0.0002096495853531016,False,2032c,0.1581959608,0.5258894021,-0.0520598893,0.5747885601,-0.0011907997,0.3545173484,0.1794280464,-0.0514495151,0.1297256723,0.0203739288,0.2405027382,0.0099169207,0.1834549132,0.0994410562,0.0016,-0.0016,1.342,0.01667,-0.1241
0.13085727680142856,13.085727680142856,0.297000406,0.06632190630182451,6.632190630182451,0.47800004399999996,3.3417097651748247e-07,3.341709765174825e-05,0.999999,0.06632190630182451,6.632190630182451,0.47800004399999996,1.8570711267769898e-07,False,mh114,0.2516403113,0.3534096772,0.2991754096,0.3559468841,0.3915239285,0.3209343544,0.4270253829,-0.1089120985,0.0122631157,-0.0754132046,0.083674496,0.0344810019,0.0834899648,0.2413184878,-0.0,-0.0,1.4483,0.01481,-0.1758
0.15272007577047486,15.272007577047486,0.234500531,0.06603078734035116,6.603078734035115,0.45200009599999996,-0.0004725991237875322,-0.04725991237875322,0.999999,0.06603078734035116,6.603078734035115,0.45200009599999996,2.415475721415463e-07,False,fx73cl2152,0.2953625048,0.3588682312,0.4919316439,0.0930964245,0.5640091992,0.096579407,0.6425804744,-0.1982885548,0.0043286022,-0.1071971855,0.101353779,0.0844840061,0.0975473174,0.4010313264,-0.0004731214,-0.0004731214,1.5806,0.0212,-0.2007
0.1612488261362788,16.124882613627882,0.31450037099999995,0.06034450058109669,6.034450058109669,0.48500002999999997,-0.0004275670849556125,-0.04275670849556125,0.999999,0.06034450058109669,6.034450058109669,0.48500002999999997,2.3820237632864692e-07,False,fx76mp160,0.2628418365,0.3807106623,0.3564606536,0.2571061926,0.6499837416,0.2026105423,0.4317899433,-0.1896640773,-0.0202210616,-0.1651931713,0.1242108502,-0.2071143381,0.1151889335,0.1935865432,-0.0004278802,-0.0004278802,1.2743,0.0148,-0.1414
0.05051114866812495,5.051114866812495,0.145500709,0.06023127113993022,6.023127113993023,0.44600010799999995,-0.00016889677675310273,-0.016889677675310272,0.999999,0.06023127113993022,6.023127113993023,0.44600010799999995,2.0973021357624847e-07,False,s1091,0.1771790186,0.2211989817,0.1516233809,0.2592205651,0.1978492793,0.1724591609,0.3277203293,-0.0761824982,0.1746556751,-0.0916826858,0.3698221102,0.0206453339,0.1321393579,0.1179889944,-0.0001691198,-0.0001691198,1.2381,0.01432,-0.1184
0.16004758628515955,16.004758628515955,0.32900034199999995,0.05941698818911597,5.941698818911597,0.388500223,-3.3355296820625324e-05,-0.0033355296820625326,0.995499009,0.05941698818911597,5.941698818911597,0.388500223,1.0049848332591997e-07,False,la5055,0.2570403779,0.4207349868,0.1027969364,0.9467560714,-0.2848055352,0.422043004,0.0347372954,-0.2547381567,0.1835383534,-0.4378000239,0.4097093484,-0.3841529546,0.1663992378,-0.0657603073,0.0,0.0,,,
0.13754636100669515,13.754636100669515,0.297000406,0.058950226854031555,5.8950226854031555,0.546999906,-0.0003041528128649029,-0.030415281286490292,0.999999,0.058950226854031555,5.8950226854031555,0.546999906,1.0712438509445947e-07,False,fx63137,0.2727736289,0.268467978,0.3972453705,0.1833389486,0.531000934,0.1397623401,0.4947471106,-0.1206289453,-0.0225078917,-0.103395941,-0.0147127121,0.1179207793,0.0621463721,0.3876224949,-0.0003045943,-0.0003045943,1.5056,0.01574,-0.1894
0.18763107001023846,18.763107001023847,0.29550040899999996,0.05799590654516812,5.799590654516812,0.5234999530000001,1.620465124448859e-07,1.620465124448859e-05,0.999999,0.05799590654516812,5.799590654516812,0.5234999530000001,0.00036945647893915417,False,goe223,0.2383080932,0.5251337905,0.1191713174,0.7091278711,0.0820392679,0.5635153474,0.2483409962,-0.1311452286,-0.098753074,-0.2755796019,0.1033842953,-0.1081894429,0.1768161505,0.0757496933,0.001,-0.001,1.3579,0.0181,-0.1545
0.1490210471519696,14.902104715196959,0.28750042499999995,0.05518151365600736,5.518151365600736,0.39500020999999996,9.659218139336363e-08,9.659218139336362e-06,0.999999,0.05518151365600736,5.518151365600736,0.39500020999999996,3.96099137824605e-07,False,goe387,0.2768988923,0.3884271255,0.2677073799,0.4087775512,0.2830127908,0.2959616219,0.2946418897,-0.1685332582,0.0287223004,-0.2059053343,0.1835889964,-0.217961266,0.1138851788,-0.1014587303,0.0,0.0,1.1746,0.0151,-0.0907
0.0405300839520096,4.05300839520096,0.091000818,0.05489695831052194,5.4896958310521935,0.433000134,1.6593565189026608e-07,1.6593565189026607e-05,0.999999,0.05489695831052194,5.4896958310521935,0.433000134,1.7485364841630304e-08,False,as6091,0.1276182141,0.1719501147,0.1258195409,0.1955210889,0.1307452846,0.1817694062,0.1746783791,-0.081634285,0.073766396,0.1749387596,0.1353513557,0.1615895103,0.1705699361,0.1571929678,0.0,-0.0,1.1863,0.01722,-0.1163
0.10064313988510785,10.064313988510785,0.32250035499999996,0.05467146081149565,5.467146081149565,0.5069999860000001,-0.00027649663160922704,-0.027649663160922704,0.999999,0.05467146081149565,5.467146081149565,0.5069999860000001,2.3848525053881374e-07,False,sg6043,0.2000294294,0.2636738551,0.2398608014,0.2714961939,0.3598437707,0.2479676425,0.4377355581,-0.1277234331,0.0823083278,-0.1243490167,0.1241635705,0.0001002731,0.0868283789,0.2001497292,-0.0002768154,-0.0002768163,1.3315,0.01286,-0.1551
0.05046197538639843,5.046197538639843,0.109500781,0.054088813504663866,5.408881350466387,0.45500008999999997,1.6841044137283613e-07,1.6841044137283614e-05,0.999999,0.054088813504663866,5.408881350466387,0.45500008999999997,7.819014780134361e-09,False,as6092,0.1328152984,0.1842086938,0.1253195253,0.2114873178,0.1309498186,0.1816564602,0.1723199789,-0.0888390316,-0.0036079583,0.2245885656,0.0481904619,0.2394564163,0.1418222794,0.1645011523,-0.0,0.0,1.1916,0.0164,-0.1195
0.060445626775275,6.0445626775275,0.123500753,0.05300283130433818,5.300283130433818,0.46750006499999996,1.7264081490269638e-07,1.7264081490269637e-05,0.999999,0.05300283130433818,5.300283130433818,0.46750006499999996,-2.647761006068861e-07,True,as6093,0.1383611138,0.1872118894,0.1397354157,0.2110853237,0.1356355401,0.1752929103,0.1723008618,-0.0901567995,-0.0931120308,0.2958055997,-0.0532788875,0.3151398264,0.1059447605,0.1729813249,-0.0,0.0,1.1865,0.01675,-0.1205
0.1044113107090195,10.44113107090195,0.27700044599999996,0.05183496845838925,5.183496845838925,0.5524998950000001,4.2341536762101845e-07,4.234153676210185e-05,0.999999,0.05183496845838925,5.183496845838925,0.5524998950000001,1.576611381188952e-07,False,e216,0.1735288969,0.2835662599,0.2008129292,0.2825918637,0.3191495765,0.2301284477,0.5022478205,-0.1058161056,-0.0356445434,-0.0351475567,0.0095076183,0.0995254452,0.0330932601,0.3445868398,-0.0,-0.0,1.372,0.01411,-0.1758
0.07939848064058228,7.939848064058228,0.236500527,0.050239363844182885,5.023936384418288,0.45950008099999995,1.9009776705070439e-07,1.900977670507044e-05,0.999999,0.050239363844182885,5.023936384418288,0.45950008099999995,0.0002883490304696746,False,hs1708,0.1718615492,0.2221170768,0.2509111317,0.1347185917,0.4092280092,0.1733666651,0.3034033391,-0.1164817563,0.0124771237,0.0784838359,-0.0094936679,0.086159459,0.0564769958,0.0767932872,0.003242766,-0.003242766,1.2502,0.01469,-0.1272
0.17010415883039082,17.01041588303908,0.42000015999999996,0.05019469096914431,5.019469096914431,0.450500099,-7.93854275849575e-05,-0.00793854275849575,0.999999,0.05019469096914431,5.019469096914431,0.450500099,1.9938809870616964e-07,False,fx67k170,0.1972121922,0.3402597793,0.3175179849,0.3288983922,0.6238068162,0.1313415488,0.2582878111,-0.0971639304,-0.0616190496,-0.1618754766,0.0192685208,-0.2225652553,-0.0404941527,0.0588994474,-7.95441e-05,-7.95441e-05,,,
0.15065958698180515,15.065958698180514,0.338500323,0.05017275456042912,5.017275456042912,0.520499959,2.968850325052237e-07,2.9688503250522368e-05,0.999999,0.05017275456042912,5.017275456042912,0.520499959,2.842707659215064e-07,False,s1020,0.1800410843,0.3788135332,0.1930040878,0.4620070612,0.2818491352,0.3508317369,0.4390211641,-0.1293538323,-0.0687326091,-0.1316578459,-0.036959612,-0.0059456946,-0.0058305602,0.1547506904,0.0,0.0,1.2762,0.01405,-0.1484
0.1206047251500616,12.06047251500616,0.212500575,0.0492081592000084,4.92081592000084,0.47300005399999995,-0.00035940688080545694,-0.035940688080545694,0.999999,0.0492081592000084,4.92081592000084,0.47300005399999995,-5.176486043794153e-09,False,s1221,0.2415097814,0.315963179,0.3181498029,0.0654957588,0.4289417167,0.0024707301,0.4891742173,-0.1124595211,-0.0371225481,-0.1242927652,0.19016735,0.0020487026,0.1119370459,0.3793494477,-0.000359899,-0.000359784,1.3539,0.01807,-0.1628
0.13874119084217687,13.874119084217687,0.28500042999999997,0.048828269377990764,4.882826937799076,0.37150025699999994,1.3582564484131438e-07,1.3582564484131438e-05,0.999999,0.048828269377990764,4.882826937799076,0.37150025699999994,4.117793582663033e-07,False,goe398,0.2993496764,0.2788675409,0.3942906206,0.1554266002,0.4603901924,0.1706357742,0.3417165213,-0.1164020911,-0.0609907135,-0.0431964244,-0.0446620395,-0.0257224687,0.0034654353,-0.0700645105,0.0,0.0,1.1347,0.01498,-0.0812
0.12040792838206373,12.040792838206373,0.329500341,0.048254194953017714,4.825419495301771,0.44800010399999995,2.4942724120239484e-07,2.4942724120239484e-05,0.999999,0.048254194953017714,4.825419495301771,0.44800010399999995,0.00037577695616892125,False,hs1712,0.2247388399,0.3101625975,0.1896228872,0.3611223082,0.2331704861,0.3414566821,0.4416136494,-0.1510210238,0.0089634946,-0.07051612,0.035946488,-0.0345591564,0.0126852181,0.0572419507,0.0089577962,-0.0089577962,1.2746,0.01718,-0.1366
0.1519707757071962,15.19707757071962,0.38600022799999995,0.046814554372671784,4.681455437267179,0.43550012899999996,-0.0001696278295892303,-0.01696278295892303,0.999999,0.046814554372671784,4.681455437267179,0.43550012899999996,3.22409108300081e-07,False,lrn1015,0.2944312369,0.2305612086,0.4469717576,0.0721670016,0.7823999781,-0.0635433411,0.3830079859,-0.1035664053,-0.0181202796,-0.189413094,0.0743827322,-0.2201227704,-0.0103338679,0.0605964627,-0.0001698498,-0.0001698498,1.1568,0.01461,-0.0906
0.15252675788163128,15.252675788163128,0.27050045899999997,0.044182425535497116,4.418242553549712,0.26550046899999996,-0.0004512740350709366,-0.04512740350709366,0.976999046,0.044182425535497116,4.418242553549712,0.26550046899999996,0.0003845478497834623,False,fx77w153,0.2270142934,0.4296741059,0.2739174865,0.309941751,0.0917986091,0.2775354258,0.1057376617,-0.1575319378,0.0134245815,-0.2223409398,0.0891875505,-0.2160583212,0.0033349405,-0.1901303197,0.0009064547,-0.0009064547,1.0022,0.02033,-0.0353
0.14123326760531138,14.123326760531137,0.437000126,0.043865493101218206,4.38654931012182,0.44050011899999997,-0.0002019062151713694,-0.02019062151713694,0.976999046,0.043865493101218206,4.38654931012182,0.44050011899999997,2.6250414056155723e-07,False,fx78k140,0.1435062295,0.3117091443,0.2471051555,0.277121395,0.5602222153,0.0964461881,0.1126197486,-0.0966215795,-0.033888923,-0.1290367025,0.0332799117,-0.2014274494,-0.0113080198,-0.1498854517,1.77278e-05,1.77278e-05,,,
0.1103329338976679,11.03329338976679,0.292000416,0.04376780812071389,4.376780812071389,0.5319999360000001,3.02406310042376e-07,3.02406310042376e-05,0.999999,0.04376780812071389,4.376780812071389,0.5319999360000001,9.767391528941137e-08,False,fx63110,0.221821747,0.2046735465,0.3164281462,0.1426198725,0.3959333602,0.1209600197,0.351244825,-0.0992476453,-0.0271676304,-0.1000221134,0.0269319989,0.0099788052,0.0920327747,0.2535704484,0.0,0.0,1.2844,0.01361,-0.1392
0.06021804834266219,6.021804834266218,0.202000596,0.04361919878291373,4.361919878291373,0.45500008999999997,1.6916463253606982e-07,1.6916463253606982e-05,0.999999,0.04361919878291373,4.361919878291373,0.45500008999999997,0.00021409554800152662,False,hs1606,0.1321653155,0.1832934835,0.2045922613,0.1100120385,0.3366362766,0.1435324659,0.2508195656,-0.0819258223,-0.0108355254,0.1425551424,-0.0714433427,0.1474378945,0.029634639,0.0875108596,0.0023720335,-0.0023720335,1.1299,0.01919,-0.1048
0.15164900355638491,15.164900355638492,0.39950020099999994,0.043137064609093764,4.313706460909376,0.40850018299999996,2.55666976845256e-07,2.55666976845256e-05,0.999999,0.043137064609093764,4.313706460909376,0.40850018299999996,2.0178888629700548e-07,False,e431,0.2240479938,0.3126102304,0.2674402424,0.355352469,0.3754561313,0.2677723647,0.356562131,-0.0900753318,-0.0788861472,-0.0904463587,-0.0517089072,-0.1720827941,-0.0450466007,0.15477381,-0.0,-0.0,1.1132,0.01387,-0.0981
0.0979094526306944,9.790945263069439,0.255500489,0.04311711795470798,4.311711795470798,0.379000242,1.057059206374906e-07,1.057059206374906e-05,0.999999,0.04311711795470798,4.311711795470798,0.379000242,2.680631141142071e-08,False,s4180,0.2133986472,0.2581967103,0.2316186542,0.2387807348,0.188836646,0.2108662555,0.1232086079,-0.1293705523,0.056556237,-0.1186837491,0.1183834348,-0.0484662493,0.0617582915,0.0882029718,-4.1e-09,4.1e-09,1.1162,0.01312,-0.0804
0.1446196384940347,14.46196384940347,0.412000176,0.042444533105813906,4.244453310581391,0.45700008599999997,-6.465769166764544e-05,-0.0064657691667645446,0.999999,0.042444533105813906,4.244453310581391,0.45700008599999997,2.558506479412634e-07,False,ah81k144,0.1612374901,0.2907174224,0.2916822777,0.2154350562,0.6299068292,0.0026853112,0.2917707151,-0.121046595,-0.0519634705,-0.143197601,0.0183229104,-0.1663013885,-0.0768408444,0.0359188813,-6.48216e-05,-6.48216e-05,1.0026,0.02066,-0.0838
0.14572902760081843,14.572902760081844,0.25400049199999997,0.041481061085765415,4.148106108576542,0.25100049799999996,4.492771274865199e-08,4.492771274865199e-06,0.999999,0.041481061085765415,4.148106108576542,0.25100049799999996,2.6187875396552443e-07,False,usa45,0.2068558805,0.5367222434,0.0177553977,0.5245630476,0.0323392907,0.342644031,0.175866177,-0.1254099646,-0.0512123432,-0.1221430847,-0.0172673161,-0.1325497452,-0.051451209,-0.0860119146,0.0,0.0,1.0421,0.0174,-0.051
0.2008924529512379,20.08924529512379,0.32750034499999997,0.041157640860213215,4.115764086021321,0.444500111,1.9161103960527864e-07,1.9161103960527864e-05,0.999999,0.041157640860213215,4.115764086021321,0.444500111,0.0006283687284809882,False,hs1620,0.344627764,0.3870322723,0.2740933786,0.4294818361,0.3351384319,0.3934455239,0.5656133342,-0.2837153836,-0.1072476268,-0.1942960692,-0.0501536718,-0.215208272,-0.0538375844,-0.1823908017,0.0135068006,-0.0135068006,1.0263,0.0202,-0.0804
0.11669125054640997,11.669125054640997,0.28750042499999995,0.04111844386096755,4.111844386096755,0.39200021599999996,9.177388256319859e-08,9.17738825631986e-06,0.999999,0.04111844386096755,4.111844386096755,0.39200021599999996,0.0003764150569712957,False,usa35b,0.216808725,0.2955673381,0.2017887926,0.3369240181,0.1466750637,0.2980011178,0.2046488734,-0.1596049626,0.0445678137,-0.1778027871,0.1203885534,-0.1233790417,0.0449128302,-0.0211019727,0.0012491327,-0.0012491327,1.2414,0.01531,-0.0762
0.1110193076471715,11.10193076471715,0.327000346,0.040789206253493034,4.078920625349303,0.515999968,2.6478330307100644e-07,2.6478330307100644e-05,0.999999,0.040789206253493034,4.078920625349303,0.515999968,1.703189030835367e-07,False,e214,0.1702499699,0.274134257,0.1844160694,0.3223858133,0.2152983316,0.2740057122,0.3499433852,-0.0903811713,-0.0600525198,-0.0210634575,-0.1083458629,0.0900592186,-0.015452962,0.1796251118,-0.0,-0.0,1.1958,0.01259,-0.1259
0.11769447212888079,11.769447212888078,0.306500387,0.040379249189352574,4.037924918935257,0.39500020999999996,1.0035359490775074e-07,1.0035359490775074e-05,0.999999,0.040379249189352574,4.037924918935257,0.39500020999999996,0.00038132587847288115,False,clarkz,0.2194996243,0.2871248023,0.2151785275,0.3019928732,0.2263840471,0.2708528771,0.2485063241,-0.1618262752,0.0457499054,-0.1766869351,0.1057842157,-0.1442210529,0.029965164,-0.0477996346,0.0005999998,-0.0005999998,1.0724,0.01328,-0.0785
0.12029719340386369,12.029719340386368,0.297000406,0.04000169198345196,4.000169198345196,0.41700016599999995,1.3879785227838976e-07,1.3879785227838976e-05,0.999999,0.04000169198345196,4.000169198345196,0.41700016599999995,0.00035251735560431363,False,naca4412,0.2174891354,0.2306487446,0.3082746153,0.2060731551,0.2919304595,0.2512793912,0.2854345566,-0.1350262882,-0.0692863422,-0.0352534196,-0.0450000204,-0.0234964919,-0.0091590492,-0.0078385004,0.0013,-0.0013,1.1153,0.0132,-0.0943
0.21043473634456245,21.043473634456245,0.29850040299999997,0.039995532587598234,3.9995532587598235,0.408000184,1.651248730072212e-07,1.651248730072212e-05,0.999999,0.039995532587598234,3.9995532587598235,0.408000184,0.0006213258042714416,False,naca4421,0.3984621752,0.2628316837,0.5547370662,0.1655450002,0.523846496,0.2870736891,0.4257774822,-0.2228605388,-0.2437560136,-0.0749541018,-0.2424393295,-0.0562233278,-0.1509188676,-0.0955264065,0.0022,-0.0022,1.1177,0.01679,-0.0879
0.13641077650409467,13.641077650409466,0.31000037999999996,0.03966496627104324,3.966496627104324,0.478500043,2.3640465624528415e-07,2.3640465624528413e-05,0.999999,0.03966496627104324,3.966496627104324,0.478500043,2.1402949018718647e-07,False,e210,0.1804556916,0.3274249106,0.2027469958,0.3864748677,0.1680257053,0.3041098561,0.3434198089,-0.1351930689,-0.0588178423,-0.129911986,-0.0509900393,0.0117803988,-0.0191857525,0.1293908673,0.0,0.0,1.1821,0.01418,-0.1174
0.10126405301062832,10.126405301062832,0.27100045799999994,0.0395781875391389,3.95781875391389,0.40450019099999995,8.209113632278473e-08,8.209113632278473e-06,0.999999,0.0395781875391389,3.95781875391389,0.40450019099999995,6.705186440304737e-08,False,s2091,0.1985689864,0.2680399293,0.1896764918,0.277151607,0.1826785228,0.2343301069,0.1119163937,-0.108898262,-0.0045673211,-0.0729585882,0.0315160761,-0.0148556091,0.0290074806,0.0522653661,3.7e-09,-3.7e-09,1.064,0.01258,-0.0743
0.15029071201654484,15.029071201654483,0.29450041099999996,0.03954024032249883,3.954024032249883,0.426500147,-6.942976814646931e-05,-0.0069429768146469315,0.999999,0.03954024032249883,3.954024032249883,0.426500147,4.7043827295881896e-07,False,naca4415,0.2522355524,0.2936233877,0.3106489776,0.2691934916,0.3344033122,0.2629468575,0.3695822504,-0.1808816139,-0.0980823711,-0.1125555792,-0.0258086723,-0.1322202407,0.0128640191,-0.1008575799,-6.95642e-05,-6.95642e-05,1.093,0.01417,-0.088
0.1402071229617702,14.02071229617702,0.273500453,0.03952200556070348,3.9522005560703484,0.395500209,1.1839986581886628e-07,1.1839986581886629e-05,0.999999,0.03952200556070348,3.9522005560703484,0.395500209,1.2848611012637528e-07,False,sd7062,0.2637958936,0.3348028266,0.2223409488,0.3407210868,0.2037380203,0.2651259303,0.1836425228,-0.1565509408,-0.0301959751,-0.1734803779,0.0396398072,-0.0968845215,0.0152126807,0.053157066,-1e-09,1e-09,1.0898,0.01423,-0.0749
0.12966881909901612,12.966881909901613,0.44600010799999995,0.03919876129085568,3.919876129085568,0.491000018,-0.00020484228511321364,-0.020484228511321364,0.999999,0.03919876129085568,3.919876129085568,0.491000018,1.284988090800149e-07,False,ah88k130,0.1468391142,0.2448177862,0.2740560049,0.1912801397,0.5130313606,0.199175191,0.2925599271,-0.0845993251,-0.0304443939,-0.1299348023,0.0096430031,-0.1386758884,-0.0953265051,0.1640620498,-0.0002050708,-0.0002050708,1.066,0.01267,-0.0995
0.07284008018349063,7.284008018349063,0.254500491,0.03877865231909527,3.8778652319095266,0.48200003599999997,1.4322715686750954e-07,1.4322715686750954e-05,0.999999,0.03877865231909527,3.8778652319095266,0.48200003599999997,0.000233527479130455,False,a18,0.127857145,0.2076476049,0.1151057592,0.2919312051,0.1028585817,0.2565603902,0.2235192563,-0.1056645387,-0.0076146008,-0.0083740416,0.0463324506,0.0381648739,0.0817200189,0.0629348897,0.003069255,-0.003069255,1.161,0.02215,-0.0999
0.0962593121471454,9.62593121471454,0.28650042699999995,0.03870263027974971,3.8702630279749712,0.44100011799999994,7.458759739137605e-08,7.458759739137605e-06,0.999999,0.03870263027974971,3.8702630279749712,0.44100011799999994,3.852511683839338e-08,False,s4061,0.1586367951,0.2733969068,0.1282251764,0.3458925819,0.1315553222,0.2690970903,0.0979491738,-0.1085144842,-0.020758553,-0.057983249,0.0275660617,-0.0139406713,0.0284057956,0.0512252056,-4.1e-09,4.1e-09,1.0681,0.01161,-0.0805
0.07289401740987758,7.289401740987758,0.26050047899999995,0.038532505375314566,3.8532505375314567,0.48100003799999996,1.449065041782445e-07,1.449065041782445e-05,0.999999,0.038532505375314566,3.8532505375314567,0.48100003799999996,0.00024150318989510806,False,a18sm,0.1333383349,0.1838026549,0.1589580571,0.2322534935,0.1578608954,0.2209657468,0.2382460768,-0.1081593377,0.0046739877,-0.0403964053,0.0938477755,-0.0100171803,0.1063401531,0.0515668515,0.0030665026,-0.0030665026,1.0954,0.01651,-0.1043
0.09013962945116867,9.013962945116868,0.31100037799999997,0.038425407256392145,3.8425407256392146,0.467000066,-9.74532440958872e-05,-0.00974532440958872,0.999999,0.038425407256392145,3.8425407256392146,0.467000066,1.0831387853414579e-07,False,sa7026,0.1400391836,0.268304204,0.1163110046,0.3293645154,0.1383934133,0.3211957607,0.1560143751,-0.0839722897,-0.009703529,-0.0635117477,0.0393985357,-0.0225785833,0.0380674657,0.0477014913,-9.75552e-05,-9.75552e-05,1.0743,0.01191,-0.0898
0.08919999809217298,8.919999809217298,0.31100037799999997,0.0379742933356562,3.79742933356562,0.41600016799999995,9.210421262152033e-08,9.210421262152033e-06,0.999999,0.0379742933356562,3.79742933356562,0.41600016799999995,7.993085917722499e-08,False,e174,0.1372283687,0.2587814061,0.1210094799,0.3673467653,0.0738085119,0.2390766145,0.1320690662,-0.0902877976,0.0022935171,-0.0658659912,0.045294849,-0.022759513,0.0298558219,0.0521389428,0.0,0.0,1.0546,0.01144,-0.0776
0.12687532541811092,12.687532541811091,0.42200015599999996,0.03776343328736974,3.776343328736974,0.45550008899999994,-0.00022502320973981986,-0.022502320973981985,0.999999,0.03776343328736974,3.776343328736974,0.45550008899999994,2.493464291717165e-07,False,ah63k127,0.1551049912,0.2263076765,0.3132638393,0.1080189211,0.6518782779,-0.0821077278,0.3503409955,-0.0877913191,-0.0482109292,-0.1044886839,-0.005146656,-0.1444805286,-0.0527928362,0.1009927697,-0.0002252491,-0.0002252491,1.0614,0.01301,-0.0904
0.0906575918170496,9.06575918170496,0.310500379,0.037633788212626806,3.7633788212626804,0.41300017399999994,8.925261207914252e-08,8.925261207914251e-06,0.999999,0.037633788212626806,3.7633788212626804,0.41300017399999994,8.909674170885655e-08,False,e387,0.1390334063,0.258602318,0.1263400886,0.3641633933,0.0748100678,0.2390228029,0.1338004185,-0.0907791534,-0.0022369682,-0.0652886694,0.0395950724,-0.0246089417,0.0265170494,0.0447043727,-0.0,-0.0,1.0484,0.01149,-0.076
0.10847375410820742,10.847375410820742,0.35050029899999996,0.0374673326138699,3.7467332613869897,0.46550006899999996,1.584686957110846e-08,1.5846869571108462e-06,0.999999,0.0374673326138699,3.7467332613869897,0.46550006899999996,1.0627540484885022e-07,False,s4158,0.1740984092,0.2289868982,0.2507196666,0.1829217419,0.3649668936,0.2449646675,0.0689835506,-0.0971379846,-0.0267125144,-0.0932731225,0.0149659491,-0.0756129657,0.0084929194,-0.0372911262,-0.0,-0.0,1.0315,0.01105,-0.0743
0.19673279071746297,19.673279071746297,0.37550024899999995,0.037456999475162706,3.7456999475162704,0.45850008299999995,3.012411438241612e-05,0.0030124114382416123,1e-06,0.037456999475162706,3.7456999475162704,0.45850008299999995,1.284196774580513e-07,False,fx66s196,0.1935394532,0.3838186173,0.2113883629,0.6301326651,0.1515820125,0.3589962094,0.2279794236,-0.1332921199,-0.1777753924,-0.0668355498,-0.3896440938,0.0857817639,-0.1414840237,0.0995619143,4.04704e-05,4.04704e-05,0.8715,0.0318,-0.0724
0.0997512123387838,9.97512123387838,0.28100043799999996,0.036625250716918085,3.6625250716918085,0.42400015199999996,1.1783682699514238e-07,1.1783682699514237e-05,0.999999,0.036625250716918085,3.6625250716918085,0.42400015199999996,6.419327910887411e-08,False,sd7032,0.1809286698,0.278351201,0.142971085,0.3137317173,0.1302860956,0.2986687848,0.1499326491,-0.0942671313,-0.0220583033,-0.0708571957,0.017982367,-0.032143856,0.0306419744,0.0857405609,0.0,0.0,1.079,0.01297,-0.084
0.10035244185162007,10.035244185162007,0.34100031799999997,0.03662491572852821,3.662491572852821,0.497000006,-0.00015878205680702816,-0.015878205680702816,0.999999,0.03662491572852821,3.662491572852821,0.497000006,2.2233831823551312e-07,False,sg6042,0.1758140293,0.2339796608,0.1812565248,0.2543169317,0.2603365626,0.2424133033,0.3083539225,-0.1270887114,0.0286039693,-0.1413282917,0.0662129488,-0.0915224954,0.0455421137,0.0860153403,-0.0001589794,-0.0001589794,1.0932,0.01291,-0.0969
0.13180824931571977,13.180824931571976,0.414500171,0.03657921146308264,3.657921146308264,0.423500153,-7.738765099652803e-05,-0.007738765099652803,0.999999,0.03657921146308264,3.657921146308264,0.423500153,2.501297590567364e-07,False,ah79k132,0.1563583345,0.2806166749,0.3039986747,0.0740347352,0.7136592117,-0.1316125356,0.3364392604,-0.1132908439,-0.0344911976,-0.1035178568,-0.0680255082,-0.0497223509,-0.2177770546,0.0863083925,-7.75991e-05,-7.75991e-05,1.0779,0.01228,-0.0827
0.1583779941252182,15.83779941252182,0.35050029899999996,0.03633542488189119,3.633542488189119,0.33600032799999996,-0.0002842496737813275,-0.02842496737813275,0.999999,0.03633542488189119,3.633542488189119,0.33600032799999996,1.4952737570979487e-07,False,fx63158,0.2359329837,0.2720784648,0.3748929839,0.2323573566,0.367377628,0.1503672514,0.4345072189,-0.0844729997,-0.1308760968,-0.0631642483,-0.17705852,-0.1230769191,0.0287124206,0.2849796012,-0.0002846097,-0.0002846097,1.2066,0.0163,-0.1153
0.1022586372622186,10.22586372622186,0.32000036,0.03575957655876142,3.575957655876142,0.41700016599999995,9.005345980573476e-08,9.005345980573476e-06,0.999999,0.03575957655876142,3.575957655876142,0.41700016599999995,1.6450865376329847e-07,False,e193,0.1507552003,0.2598576806,0.1456341388,0.3664011172,0.0955866681,0.2507640507,0.1723074021,-0.0980906846,-0.0397231157,-0.0597448064,-0.0116497354,-0.0209895811,-0.0119301997,0.0077992552,0.0,0.0,1.0315,0.0118,-0.0741
0.13056535269356243,13.056535269356242,0.42300015399999996,0.03571663200174414,3.571663200174414,0.417500165,-0.003299528789345726,-0.3299528789345726,0.932999134,0.03571663200174414,3.571663200174414,0.417500165,0.00028137140397317987,False,ah93k131,0.1683351035,0.2398603131,0.336757497,0.0661611568,0.6327814348,0.0576462422,0.0514616399,-0.1130360238,-0.0194850741,-0.141606903,0.0060619579,-0.1678552752,-0.0526766911,-0.2447698428,0.0003450975,-0.0003450975,1.0199,0.01349,-0.063
0.12998118775240777,12.998118775240778,0.432000136,0.03534232153498752,3.534232153498752,0.42850014299999994,-0.003081114330329338,-0.3081114330329338,0.9359991280000001,0.03534232153498752,3.534232153498752,0.42850014299999994,0.0002828263925447906,False,ah93k130,0.16860534,0.2190409539,0.3785959917,-0.0040588671,0.69113391,0.0610494939,0.0570856708,-0.1142208898,-0.0180078373,-0.1445032088,0.0091891268,-0.1709360104,-0.0508944175,-0.2458453991,0.0003601152,-0.0003601152,1.0274,0.0135,-0.0677
0.10002974348424953,10.002974348424953,0.274500451,0.03525267924558252,3.525267924558252,0.570999858,-9.446966186885e-05,-0.009446966186885,0.999999,0.03525267924558252,3.525267924558252,0.570999858,4.4173376396222023e-08,False,fx60100,0.178986872,0.2012061714,0.2105216645,0.1942097381,0.2289905262,0.2141897632,0.2036302065,-0.0858473803,-0.0823106979,-0.0617828718,-0.0400508672,0.065522623,0.0569198327,0.1594574866,-9.46513e-05,-9.46513e-05,1.1206,0.01384,-0.1046
0.12604015149831957,12.604015149831957,0.274500451,0.035251089786521306,3.5251089786521304,0.570999858,-9.446964698934032e-05,-0.009446964698934033,0.999999,0.035251089786521306,3.5251089786521304,0.570999858,5.54552488940416e-08,False,fx60126,0.2134459426,0.238071436,0.2458869571,0.2247620644,0.2500413325,0.2348099174,0.2092859353,-0.1202212681,-0.1192890451,-0.0969667347,-0.0708400989,0.0446392735,0.0362018096,0.1538315176,-9.46513e-05,-9.46513e-05,1.1328,0.01323,-0.1042
0.11758984174692269,11.75898417469227,0.29550040899999996,0.03482053431384469,3.4820534313844687,0.42800014399999997,8.876578435550002e-08,8.876578435550002e-06,0.999999,0.03482053431384469,3.4820534313844687,0.42800014399999997,0.0003397967998518452,False,clarky,0.1814046165,0.3120493583,0.1403673074,0.3399715518,0.1846096464,0.2710186022,0.2335530082,-0.1583914601,-0.0049798582,-0.163621125,0.0761034681,-0.1451863645,0.0163419101,-0.0560220097,0.0005998244,-0.0005998244,1.0156,0.0132,-0.0725
0.13182858864329464,13.182858864329464,0.43350013299999995,0.03397647984888928,3.3976479848889283,0.444500111,-0.0025490512550842338,-0.25490512550842337,0.933499133,0.03397647984888928,3.3976479848889283,0.444500111,0.0002707132785354888,False,ah93k132,0.1629270336,0.2252818828,0.3749356229,-0.0187346811,0.7115205853,0.0607674684,0.0437249903,-0.10778564,-0.0496155286,-0.1148669253,-0.0466250277,-0.111745296,-0.1293243087,-0.1796144722,0.0004252683,-0.0004252683,1.0188,0.01406,-0.0672
0.08828383089571837,8.828383089571837,0.31350037299999994,0.03350331086259378,3.350331086259378,0.402000196,5.726099589635469e-08,5.726099589635469e-06,0.999999,0.03350331086259378,3.350331086259378,0.402000196,7.816527376778981e-08,False,e176,0.1429687283,0.23013746,0.1351695353,0.3258703635,0.0795587226,0.2100684978,0.0963429986,-0.0807596124,-0.024878175,-0.0456969324,0.0016172193,-0.0173093118,0.0046953242,0.018178449,-0.0,-0.0,0.9773,0.01114,-0.0587
0.15970305972106835,15.970305972106836,0.319000362,0.03297774618646223,3.297774618646223,0.475500049,1.104800453886369e-07,1.104800453886369e-05,0.999999,0.03297774618646223,3.297774618646223,0.475500049,0.0003560226637934669,False,sg6050,0.2028283165,0.316884463,0.2303554091,0.3390032676,0.2905707758,0.2476240653,0.2513145208,-0.1531841178,-0.1359084353,-0.1790836394,-0.0362759632,-0.0980191895,-0.1093719501,-0.0303538233,0.0050024129,-0.0050024129,1.0574,0.01318,-0.0863
0.09217681386973679,9.217681386973679,0.281500437,0.032806479913157126,3.2806479913157127,0.42750014499999994,-9.5778944658304e-05,-0.0095778944658304,0.999999,0.032806479913157126,3.2806479913157127,0.42750014499999994,8.466550340688003e-08,False,sa7038,0.1689667657,0.2489477834,0.1316937166,0.289600279,0.112520716,0.2826491348,0.1430914478,-0.087279522,-0.0309699432,-0.0553391422,-0.0048269313,-0.0075446739,-0.0014056609,0.0584270984,-9.58798e-05,-9.58798e-05,1.016,0.01261,-0.0717
0.07019175645265636,7.019175645265636,0.25300049399999996,0.032650255254754706,3.2650255254754708,0.45000009999999996,-0.00012519924660378196,-0.012519924660378195,0.999999,0.032650255254754706,3.2650255254754708,0.45000009999999996,1.2298625244079597e-07,False,sa7024,0.1346684313,0.2170934987,0.1097685837,0.2273318548,0.1415386393,0.1733036687,0.2085214916,-0.0736180101,0.0036534107,-0.0433616959,0.045394403,0.0190139068,0.0260623033,0.0855353232,-0.0001253464,-0.0001253464,1.0236,0.01317,-0.0775
0.11997642728024137,11.997642728024136,0.362500275,0.03254515884745764,3.2545158847457643,0.480500039,7.610070453228229e-08,7.610070453228229e-06,0.999999,0.03254515884745764,3.2545158847457643,0.480500039,0.0002756745441115187,False,sg6051,0.1621488459,0.2366332,0.1936331904,0.2819834847,0.2537743054,0.2547945448,0.1934883893,-0.1135159583,-0.0408388278,-0.1517965657,0.0212297185,-0.0960652908,-0.0336329125,-0.0412873179,0.005002366,-0.005002366,1.045,0.01164,-0.0849
0.08380489592269853,8.380489592269853,0.27800044399999996,0.031618068453083806,3.1618068453083805,0.47000005999999994,1.3325499562560246e-07,1.3325499562560246e-05,0.999999,0.031618068453083806,3.1618068453083805,0.47000005999999994,1.1741991219778406e-07,False,s4110,0.1669760744,0.2024433066,0.1480792805,0.2274316819,0.1773078749,0.2000486633,0.1919649992,-0.1036144363,-0.0149497007,-0.0596724626,0.0077201053,-1.78759e-05,0.0109448459,0.0745454584,0.0,0.0,1.0059,0.01353,-0.0744
0.11871572008476153,11.871572008476154,0.32350035299999996,0.03146959256669655,3.1469592566696547,0.44250011499999997,1.1435444375516958e-07,1.1435444375516957e-05,0.999999,0.03146959256669655,3.1469592566696547,0.44250011499999997,1.7192605029238457e-07,False,e201,0.1644100421,0.2565514058,0.1728244128,0.3545423063,0.1234657921,0.2529934437,0.200317253,-0.1063408552,-0.090945221,-0.0734765103,-0.0854685844,0.0014152891,-0.0543577702,0.0283919293,0.0,0.0,1.0173,0.01202,-0.0758
0.11087178965146835,11.087178965146835,0.27700044599999996,0.03138126537701554,3.138126537701554,0.378000244,6.162247169422623e-08,6.162247169422622e-06,0.999999,0.03138126537701554,3.138126537701554,0.378000244,1.0943530015949738e-07,False,mh70,0.2136278595,0.2598241485,0.1805237357,0.2626203951,0.1925735123,0.1792967154,0.1163398022,-0.0935131901,-0.0772396481,-0.0577786218,-0.0490223115,-0.0278131999,-0.0462339196,0.0069051439,0.0,0.0,0.9581,0.01264,-0.0466
0.12460893938473652,12.460893938473653,0.35450029099999997,0.013252725661153174,1.3252725661153173,0.211000578,-0.031017397931475562,-3.1017397931475563,0.999999,0.031017397931475562,3.1017397931475563,0.999999,0.00028172439108458075,False,s4096,0.1702012009,0.2612278387,0.095938377,0.3092247895,0.0654498575,0.210210602,0.1181209585,-0.1114610568,-0.0837833649,-0.0886372893,-0.0486550815,-0.0577074658,-0.0567785586,-0.0191191436,0.0,-0.0620349569,0.9645,0.01931,-0.0609
0.1345939399651838,13.45939399651838,0.407000186,0.030379859724899004,3.0379859724899005,0.436000128,-8.238840151908903e-05,-0.008238840151908903,0.999999,0.030379859724899004,3.0379859724899005,0.436000128,2.505030150758467e-07,False,ah79k135,0.1531840264,0.2633385579,0.2926906544,0.0710307933,0.6721534625,-0.1100706123,0.3090700855,-0.1085499499,-0.0715221321,-0.1168972099,-0.0850409535,-0.0859404751,-0.2065926764,0.0585660213,-8.25723e-05,-8.25723e-05,1.0437,0.01177,-0.0752
0.09215002873475772,9.215002873475772,0.28100043799999996,0.030299533362340144,3.0299533362340143,0.425500149,8.952154696278058e-08,8.952154696278057e-06,0.999999,0.030299533362340144,3.0299533362340143,0.425500149,7.992763985324707e-08,False,sd7037,0.1635872717,0.2491395653,0.1113035115,0.3041892787,0.0806709524,0.2940234579,0.1294844444,-0.096631467,-0.0301099062,-0.07217558,0.0052847371,-0.0383926781,0.0053602849,0.049558017,0.0,0.0,0.9949,0.01272,-0.0669
0.0946702687813108,9.46702687813108,0.297000406,0.030033031975093098,3.0033031975093096,0.38400023199999994,6.286815310910924e-08,6.286815310910924e-06,0.999999,0.030033031975093098,3.0033031975093096,0.38400023199999994,1.6101449106217296e-07,False,s3021,0.1615231285,0.251234686,0.1195980237,0.3120407277,0.0915169053,0.2183295029,0.1395749997,-0.0835348534,-0.05205651,-0.0394588283,-0.0441299843,-0.0096450105,-0.0428292734,-0.0138389292,3.8e-09,-3.8e-09,0.948,0.01175,-0.0504
0.1349989273066222,13.49989273066222,0.459000082,0.02995979253399844,2.9959792533998444,0.446500107,-0.0017735211213890725,-0.17735211213890725,0.88999922,0.02995979253399844,2.9959792533998444,0.446500107,4.02096924540104e-07,False,ah88k136,0.1633256128,0.1988217946,0.4747356032,-0.2684172175,1.0653918059,-0.30260263,0.2718006782,-0.1142179011,-0.0653034408,-0.0648897348,-0.188114538,0.0239416385,-0.2944114267,-0.1302989091,-3.98357e-05,-3.98357e-05,1.0803,0.01371,-0.0772
0.1045456878983464,10.454568789834639,0.303500393,0.02967932368655344,2.967932368655344,0.368500263,3.758546083849692e-08,3.7585460838496923e-06,0.999999,0.02967932368655344,2.967932368655344,0.368500263,1.8327599591058272e-07,False,e205,0.1466047134,0.2698443512,0.1366660875,0.3387180971,0.0551095085,0.2344739118,0.1292228919,-0.1047525958,-0.0520340293,-0.0716940108,-0.0352866732,-0.0453036395,-0.0390595225,-0.0540526541,-0.0,-0.0,0.9515,0.0121,-0.0493
0.30093446947235436,30.093446947235435,0.32750034499999997,0.02958532046805762,2.958532046805762,0.44100011799999994,1.3575950672320425e-07,1.3575950672320425e-05,0.999999,0.02958532046805762,2.958532046805762,0.44100011799999994,0.0009407575004921595,False,hs1430,0.4926402929,0.4732452176,0.3761443106,0.5003305698,0.4489069445,0.464125403,0.6930944651,-0.4480787901,-0.272936531,-0.3142988491,-0.2320448958,-0.3626224516,-0.2172895031,-0.4215751678,0.020262716,-0.020262716,0.7526,0.03349,-0.0277
0.10560936504886823,10.560936504886822,0.282500435,0.029398880642654095,2.9398880642654097,0.571499857,2.498626535624273e-07,2.498626535624273e-05,0.999999,0.029398880642654095,2.9398880642654097,0.571499857,1.3703938156352183e-07,False,e212,0.1517528989,0.2342140921,0.1513353499,0.2419617832,0.2088979591,0.1960706203,0.3183832374,-0.1166109532,-0.1044610138,-0.0600357077,-0.077851151,0.0268102328,-0.0370818416,0.181344364,0.0,0.0,1.0644,0.01334,-0.1003
0.14233760608379933,14.233760608379933,0.429000142,0.02820055676861443,2.820055676861443,0.439000122,-0.00018999227065814107,-0.018999227065814108,0.999999,0.02820055676861443,2.820055676861443,0.439000122,2.578279642595526e-07,False,ah79k143,0.1631382148,0.1982418818,0.4444868595,-0.1541513707,0.9369072667,-0.2690467208,0.3748571364,-0.1259714133,-0.0802438812,-0.1076669023,-0.1603318719,-0.007946408,-0.3711342886,0.1170281088,-0.0001902384,-0.0001902384,1.0936,0.01279,-0.0848
0.1345622275240394,13.45622275240394,0.332500335,0.02794189736811957,2.794189736811957,0.44100011799999994,7.173352679892043e-08,7.173352679892043e-06,0.999999,0.02794189736811957,2.794189736811957,0.44100011799999994,1.690721879331674e-07,False,e197,0.1560003829,0.2997849325,0.127866258,0.4452119172,0.0677430861,0.2844524386,0.1562689298,-0.123596382,-0.1218370652,-0.098270552,-0.1298493353,-0.0162985554,-0.092213916,-0.0128020971,0.0,0.0,0.9787,0.01251,-0.065
0.09201495171009254,9.201495171009254,0.28650042699999995,0.027904319469349435,2.7904319469349437,0.421500157,-8.016244899352916e-05,-0.008016244899352916,0.999999,0.027904319469349435,2.7904319469349437,0.421500157,8.034607758213193e-08,False,sa7036,0.1523173512,0.2523346354,0.0972665106,0.3028446933,0.0776831851,0.2740072093,0.1220429501,-0.0875183605,-0.0514821398,-0.0500851634,-0.0413904053,-0.0072894126,-0.0256474906,0.0416981482,-8.02444e-05,-8.02444e-05,0.9627,0.01248,-0.0595
0.10026473295553083,10.026473295553084,0.282500435,0.02727024891656874,2.7270248916568742,0.39500020999999996,7.646443055074846e-08,7.646443055074846e-06,0.999999,0.02727024891656874,2.7270248916568742,0.39500020999999996,1.0048529970811104e-07,False,sd8040,0.2028553455,0.204418971,0.1956575634,0.2063858526,0.1640620938,0.2375327309,0.1267064788,-0.1094681124,-0.0424317673,-0.0912973912,-0.0153041193,-0.0541158215,-0.0201768191,0.0262220722,-0.0,-0.0,0.9451,0.0129,-0.0526
0.14510895689861755,14.510895689861755,0.31400037199999997,0.027141589363450503,2.7141589363450502,0.38400023199999994,5.6958276398690224e-08,5.6958276398690225e-06,0.999999,0.027141589363450503,2.7141589363450502,0.38400023199999994,8.491991334609761e-08,False,s2027,0.1781687137,0.3531359111,0.1436622385,0.3975477531,0.1199883495,0.3004977026,0.0994170763,-0.1254869229,-0.1319072441,-0.1038390757,-0.1500626683,-0.0499950434,-0.076989022,0.0144988759,-0.0,-0.0,0.9648,0.013,-0.0554
0.061180138006272325,6.118013800627232,0.216000568,0.02690204842527763,2.690204842527763,0.443500113,7.383422224153556e-08,7.383422224153556e-06,0.999999,0.02690204842527763,2.690204842527763,0.443500113,0.00021142738409246002,False,ag27,0.1310904872,0.1779111436,0.0882634039,0.1984402299,0.0842195227,0.1531841546,0.1111946321,-0.0803363017,0.0046269301,-0.0517129724,0.0685830059,-0.0074491277,0.0596533159,0.0364734952,0.0005177372,-0.0005177372,0.9485,0.01436,-0.0567
0.0801642400407443,8.01642400407443,0.373000254,0.026383004283184408,2.638300428318441,0.626999746,2.2881451176566363e-07,2.2881451176566363e-05,0.999999,0.026383004283184408,2.638300428318441,0.626999746,0.0002318421909472307,False,kc135winglet,0.1657503866,0.110642101,0.2142681608,0.0906275394,0.2865848769,0.1437490816,0.2457501142,-0.0660879997,-0.0098491202,-0.0975182231,0.0207132847,-0.0974211579,0.0638365892,0.2118806384,0.0023522817,-0.0023522817,1.1183,0.01941,-0.1036
0.0649507764958623,6.4950776495862295,0.171500657,0.026241525133223472,2.6241525133223473,0.323000354,6.029134449689079e-08,6.0291344496890794e-06,0.999999,0.026241525133223472,2.6241525133223473,0.323000354,4.965345571949703e-07,False,raf15,0.1683532465,0.1496699076,0.1815195646,0.0291035624,0.2716721837,0.0119366546,0.3085605571,-0.0723060636,-0.053084249,0.0539819695,0.0336866194,-0.1568393593,0.0761430922,-0.1879776128,0.0,0.0,0.9211,0.01426,-0.0415
0.09197968394907882,9.197968394907882,0.28950042099999995,0.0257990131029259,2.57990131029259,0.40750018499999996,-7.301680583385195e-05,-0.007301680583385195,0.999999,0.0257990131029259,2.57990131029259,0.40750018499999996,7.98015795830208e-08,False,sa7035,0.1528463758,0.239810699,0.1066258821,0.2803411335,0.0851000242,0.2574630553,0.1162210734,-0.0803289356,-0.0705298094,-0.0310964607,-0.076259283,0.0069191413,-0.0440852716,0.0364207844,-7.30932e-05,-7.30932e-05,0.9377,0.01239,-0.0538
0.06849373593934763,6.849373593934763,0.23500052999999999,0.025686563461283195,2.5686563461283196,0.447500105,8.272945776685841e-08,8.272945776685841e-06,0.999999,0.025686563461283195,2.5686563461283196,0.447500105,0.00021400941249747984,False,ag26,0.1347293138,0.1886893779,0.0943306992,0.2062325449,0.0936734463,0.1599806577,0.1187716241,-0.0792793447,-0.0200740137,-0.0497421271,0.0336755637,-0.0079038375,0.0423215847,0.0466871531,0.0004997393,-0.0004997393,0.9494,0.01372,-0.0581
0.16028390375033993,16.028390375033993,0.35250029499999996,0.025109940509599794,2.5109940509599795,0.571499857,1.87377037891112e-07,1.87377037891112e-05,0.999999,0.025109940509599794,2.5109940509599795,0.571499857,2.2048190437434007e-07,False,sg6040,0.2163949061,0.2568756747,0.2911737199,0.2599093989,0.3087727007,0.2456646347,0.2976184506,-0.1535293871,-0.1563905145,-0.0902922714,-0.264603038,-0.0277348391,-0.1038018,0.0771372099,-0.0,-0.0,0.9976,0.01351,-0.0775
0.12004708808245798,12.004708808245798,0.31100037799999997,0.025100457258773693,2.510045725877369,0.38050023899999996,6.14710052987943e-08,6.14710052987943e-06,0.999999,0.025100457258773693,2.510045725877369,0.38050023899999996,1.857512121445205e-07,False,e207,0.1577404117,0.2694824694,0.1570585146,0.332956146,0.0768370398,0.2388534611,0.1543461815,-0.1112878633,-0.1035430573,-0.0776963031,-0.1169333257,-0.0165789647,-0.0850504124,-0.0314042946,0.0,0.0,0.9347,0.01227,-0.0502
0.1234004068961169,12.340040689611689,0.40450019099999995,0.024839281589482357,2.4839281589482356,0.40450019099999995,5.291278592699099e-08,5.291278592699099e-06,0.999999,0.024839281589482357,2.4839281589482356,0.40450019099999995,1.5367104210043245e-07,False,e231,0.170069497,0.2475404224,0.1746677801,0.262049749,0.2664212411,0.2648725081,0.1297475611,-0.0813473192,-0.1120341924,-0.0457689067,-0.1755832248,0.000174969,-0.2596865572,-0.0239213325,0.0,0.0,0.9889,0.01235,-0.0599
0.11856623389359891,11.856623389359891,0.28450043099999994,0.024833876661015827,2.483387666101583,0.363500273,-0.0006088817349372872,-0.060888173493728714,0.9669990660000001,0.024833876661015827,2.483387666101583,0.363500273,0.00031744940657932677,False,clarkyh,0.1709526843,0.2685722309,0.1619483716,0.2853723223,0.1316286997,0.2341663618,0.0914446592,-0.1464957616,-0.0953012588,-0.1009176582,-0.0073271049,-0.1736060927,-0.059464445,-0.1726013269,0.00049979,-0.00049979,0.9807,0.01475,-0.0298
0.09685382774982462,9.685382774982463,0.28750042499999995,0.024658389255685406,2.4658389255685407,0.343000314,4.552176732786073e-08,4.552176732786073e-06,0.999999,0.024658389255685406,2.4658389255685407,0.343000314,0.00027074196473554754,False,s4095,0.1646084604,0.2477654984,0.0754752009,0.2822119019,0.0325699987,0.1824760016,0.0731759337,-0.1060949295,-0.0331426697,-0.0642743718,-0.0117750788,-0.0247226129,-0.0242201113,0.0178672432,0.0193921563,-0.0193921563,0.9488,0.01693,-0.0508
0.09893345578550485,9.893345578550484,0.27900044199999996,0.024599974077834597,2.45999740778346,0.35650028699999997,4.3477325758697893e-08,4.347732575869789e-06,0.999999,0.024599974077834597,2.45999740778346,0.35650028699999997,0.00027285341275965153,False,s4094,0.1657607131,0.2552021813,0.0815613193,0.2960429711,0.0428553231,0.1842680784,0.0875885733,-0.1070680132,-0.0448526949,-0.0751756264,-0.014272746,-0.0397176016,-0.0214978881,-0.0006343332,0.0123979671,-0.0123979671,0.9393,0.01485,-0.0479
0.09147597913908762,9.147597913908761,0.28200043599999997,0.02451690495503922,2.451690495503922,0.42950014099999995,6.948785317360682e-08,6.948785317360681e-06,0.999999,0.02451690495503922,2.451690495503922,0.42950014099999995,7.327895152244946e-08,False,sd7080,0.1452849196,0.2542994528,0.0661923818,0.3189219432,0.0391412408,0.2929349377,0.1092262782,-0.1031885298,-0.0435414997,-0.0815693141,-0.0198835472,-0.0465174185,-0.0181537447,0.0297486828,-3.1e-09,3.1e-09,0.9338,0.01281,-0.0538
0.08429559883390866,8.429559883390866,0.361500277,0.024490676304120843,2.449067630412084,0.343000314,-7.777326212964975e-05,-0.007777326212964975,0.986499027,0.024490676304120843,2.449067630412084,0.343000314,0.00018253728588526309,False,fx69h083,0.116561321,0.208429983,0.1300797628,0.23084761,0.1194887096,0.2092883248,0.0573153369,-0.0659739145,-0.0295924213,-0.0446814353,-0.0557798915,-0.033973068,-0.0810520577,-0.0806800631,0.0009499998,-0.0009499998,0.8408,0.01372,-0.0274
0.11500790447205467,11.500790447205468,0.35450029099999997,0.024450275046031485,2.4450275046031487,0.387500225,-0.0014382868940088348,-0.14382868940088347,0.9444991110000001,0.024450275046031485,2.4450275046031487,0.387500225,2.0207041972120088e-07,False,e220,0.1472836305,0.2697972361,0.0886740765,0.4037545614,0.0770014549,0.2017876285,0.0424601923,-0.1055193758,-0.0860412975,-0.0845097825,-0.0841294644,-0.0842137302,-0.0852080221,-0.1596098189,-0.0,-0.0,0.908,0.01113,-0.0349
0.07585740242270511,7.585740242270511,0.247500505,0.02423475664491407,2.423475664491407,0.45500008999999997,8.909771880434006e-08,8.909771880434006e-06,0.999999,0.02423475664491407,2.423475664491407,0.45500008999999997,0.00021630199578090875,False,ag25,0.1333800951,0.2028021835,0.0943839066,0.2164767379,0.097833633,0.1734349607,0.1238022081,-0.0829209746,-0.0433243701,-0.0518359798,0.005652993,-0.0142569811,0.0249443394,0.0543931975,0.0004817156,-0.0004817156,0.9481,0.01329,-0.0591
0.13976101707875488,13.976101707875488,0.333500333,0.024039890707544892,2.403989070754489,0.29550040899999996,-0.000219630466823625,-0.0219630466823625,0.999999,0.024039890707544892,2.403989070754489,0.29550040899999996,9.869154856615835e-08,False,fx61140,0.1704064926,0.2799380092,0.2616441216,0.1902061952,0.3015583698,0.1129891377,0.3620606827,-0.090369197,-0.1377733593,-0.0802889491,-0.18158924,-0.1083427953,-0.018069838,0.263369279,-0.0002199434,-0.0002199434,1.1096,0.01628,-0.0993
0.08687223433355853,8.687223433355854,0.29350041299999996,0.023715172633055538,2.3715172633055537,0.438000124,5.6140917826310216e-08,5.614091782631022e-06,0.999999,0.023715172633055538,2.3715172633055537,0.438000124,9.481475134149195e-08,False,mh32,0.1326830438,0.2268299821,0.090551926,0.2692079338,0.0856341124,0.2478262898,0.1035474796,-0.0854943087,-0.0597760683,-0.0569739488,-0.0348508857,-0.0360613813,-0.0190459658,0.0087337132,-0.0,-0.0,0.9121,0.01242,-0.0499
0.05408128345475259,5.408128345475259,0.198500603,0.022870835055310658,2.287083505531066,0.434000132,6.725352018487779e-08,6.7253520184877786e-06,0.999999,0.022870835055310658,2.287083505531066,0.434000132,0.00019520878041833205,False,ag19,0.1250622191,0.1573913901,0.0744778878,0.1622561167,0.082993456,0.1154786985,0.10105176,-0.0701460286,-5.79818e-05,-0.0324149641,0.04009775,0.0078365963,0.0471150615,0.0334551791,0.0004772399,-0.0004772399,0.9031,0.01471,-0.0464
0.11828406037557065,11.828406037557066,0.22500055,0.022859923981363193,2.2859923981363193,0.365500269,-0.0011731625271649785,-0.11731625271649784,0.962499075,0.022859923981363193,2.2859923981363193,0.365500269,1.0456013862496786e-07,False,fx68h120,0.1586002327,0.4250186827,-0.1049132638,0.5125191797,-0.0141781083,0.3755050547,-0.0201132744,-0.1213294681,-0.1531908781,0.0147013155,-0.1910330915,-0.0011349258,-0.1163387204,-0.1246711416,6.01286e-05,6.01286e-05,0.8679,0.01554,-0.0287
0.0899053932483887,8.99053932483887,0.354000292,0.022632084564826224,2.2632084564826225,0.560499879,1.7358025629309214e-07,1.7358025629309214e-05,0.999999,0.022632084564826224,2.2632084564826225,0.560499879,2.340933712314412e-07,False,ah21-7,0.1546807731,0.148020727,0.1718438191,0.1731034506,0.1991964619,0.2286463837,0.2906274591,-0.09633166,-0.0609499095,-0.0703736488,-0.0688181131,-0.0175616659,-0.0873089799,0.056534462,0.0,0.0,0.881,0.01561,-0.0573
0.0856158247815364,8.561582478153639,0.353000294,0.022489172437077737,2.2489172437077736,0.463000074,1.046260575412166e-07,1.046260575412166e-05,0.999999,0.022489172437077737,2.2489172437077736,0.463000074,1.4254764508831234e-07,False,sd2030,0.1367463865,0.1983246499,0.0962460263,0.2556940681,0.1193264259,0.2540550833,0.1766995035,-0.0955822456,-0.0332797983,-0.0854252116,-0.021779835,-0.0572585762,-0.0726353758,0.0325528832,-8e-10,8e-10,,,
0.10793766527929143,10.793766527929142,0.321000358,0.022230573605611606,2.2230573605611608,0.607499785,1.919633528947934e-07,1.9196335289479338e-05,0.999999,0.022230573605611606,2.2230573605611608,0.607499785,1.771893518326806e-07,False,rg8,0.145354246,0.2402487647,0.1226298328,0.2562555254,0.1705693121,0.1960888928,0.2805586759,-0.110178332,-0.1143632778,-0.0348969198,-0.1873189156,0.0416788691,-0.0697876343,0.1033697676,0.0,0.0,,,
0.0841889902665064,8.41889902665064,0.26250047499999996,0.022033496602135275,2.2033496602135276,0.46500007,8.56039676728408e-08,8.56039676728408e-06,0.999999,0.022033496602135275,2.2033496602135276,0.46500007,0.00022787312122462855,False,ag24,0.12940285,0.2161608787,0.0904260193,0.2342707737,0.0927757481,0.1892541695,0.1215808179,-0.0984692734,-0.0540563988,-0.0809005932,0.0009499349,-0.045945545,0.0134949208,0.0496270138,0.0004858141,-0.0004858141,0.9367,0.01295,-0.0575
0.10914312614243434,10.914312614243434,0.359500281,0.021978833285836358,2.197883328583636,0.396500207,3.3210619070429314e-08,3.3210619070429313e-06,0.999999,0.021978833285836358,2.197883328583636,0.396500207,2.3781885958587383e-07,False,e374,0.1283571811,0.2414864012,0.1073620353,0.3441030511,0.0936852581,0.2088233932,0.1521197847,-0.107507495,-0.0738132323,-0.1064102134,-0.0471272427,-0.1234545704,-0.0730436853,-0.0856989295,0.0,0.0,0.9084,0.01112,-0.0456
0.05819165587888113,5.819165587888113,0.263000474,0.021861164517211686,2.1861164517211686,0.29000042,3.3865429579973266e-08,3.3865429579973266e-06,0.999999,0.021861164517211686,2.1861164517211686,0.29000042,0.00022206497451492493,False,ag11,0.1464472001,0.1577692722,0.0941842189,0.1619393909,0.0799626662,0.1258540531,0.0934897194,-0.0756163867,0.054529749,-0.1155937784,0.0947663233,-0.0943446712,0.0351475283,-0.025759386,0.0011613594,-0.0011613594,0.8664,0.01428,-0.0292
0.05872043257198153,5.872043257198153,0.209000582,0.02179947722623113,2.1799477226231128,0.44600010799999995,6.587359398699233e-08,6.5873593986992334e-06,0.999999,0.02179947722623113,2.1799477226231128,0.44600010799999995,0.00019946013699295479,False,ag18,0.1250090868,0.1620931038,0.0769750124,0.1667747548,0.0810161312,0.1205481833,0.1004334625,-0.0744504336,-0.015296364,-0.0422385482,0.0351482655,-0.0011945541,0.0434731405,0.0313135977,0.0004742366,-0.0004742366,0.8969,0.01446,-0.0459
0.08901271503700883,8.901271503700883,0.273500453,0.021750243153056216,2.1750243153056217,0.463000074,8.787245432321069e-08,8.787245432321069e-06,0.999999,0.021750243153056216,2.1750243153056217,0.463000074,0.00023326003865952447,False,ag23,0.1319535265,0.2235944793,0.0952575747,0.2428660846,0.0996812662,0.2001551495,0.1242341422,-0.1013054597,-0.0591031748,-0.090208966,-0.0059711434,-0.0588689258,0.002542475,0.0515106926,0.0004945445,-0.0004945445,0.9376,0.01277,-0.0578
0.05378435662782696,5.378435662782696,0.196000608,0.020942386452305627,2.0942386452305626,0.41350017299999997,6.407658937628469e-08,6.407658937628469e-06,0.999999,0.020942386452305627,2.0942386452305626,0.41350017299999997,0.00019462028241475776,False,ag14,0.1207707979,0.1541058178,0.0751710785,0.1469335082,0.0726576366,0.1086470566,0.0979540204,-0.0738489684,0.0004454852,-0.0428995852,0.0500213761,-0.0107652272,0.0460939059,0.0301990629,0.0004782454,-0.0004782454,0.8842,0.01459,-0.042
0.1509723923898957,15.097239238989571,0.40350019299999995,0.020876385727751814,2.0876385727751816,0.681499637,1.5947972593842463e-07,1.5947972593842464e-05,0.999999,0.020876385727751814,2.0876385727751816,0.681499637,1.3369479447590612e-07,False,s102s,0.2178157666,0.2727649169,0.0746237242,0.4890804341,0.0987939546,0.3128497213,0.2263267172,-0.0926590973,-0.1714670259,-0.0121737747,-0.408504886,0.0268951332,-0.0880816121,0.0926334593,-0.0,-0.0,0.8835,0.01739,-0.0538
0.08993102076439313,8.993102076439314,0.321000358,0.02035632734785573,2.035632734785573,0.365500269,-0.0014322178693125574,-0.14322178693125576,0.945499109,0.02035632734785573,2.035632734785573,0.365500269,1.2152014924423634e-07,False,mh20,0.1169082482,0.2429282108,0.0540708657,0.3216109994,0.046786064,0.1729579804,0.001122037,-0.0835709609,-0.0846302355,-0.0325114411,-0.0836653049,-0.0552486071,-0.0482623223,-0.1203975748,-0.0,-0.0,0.8149,0.01133,-0.0169
0.06495506933323576,6.495506933323576,0.218000564,0.020353431928499786,2.0353431928499788,0.45550008899999994,6.52411569232274e-08,6.52411569232274e-06,0.999999,0.020353431928499786,2.0353431928499788,0.45550008899999994,0.00020521636846114558,False,ag17,0.1248953439,0.1689021828,0.0803930455,0.1733666372,0.0780947625,0.1278251058,0.0995335997,-0.0803202617,-0.0410825922,-0.0385893037,0.0061773097,0.0022753956,0.0301046869,0.0309486147,0.0004697316,-0.0004697316,0.8878,0.01422,-0.045
0.15087962252462084,15.087962252462084,0.40350019299999995,0.020232188602769593,2.0232188602769594,0.671999656,1.5494780145227077e-07,1.5494780145227077e-05,0.999999,0.020232188602769593,2.0232188602769594,0.671999656,0.0003111882005418715,False,s102b,0.218467676,0.2657235779,0.0914635056,0.4522273501,0.1367862014,0.2767776112,0.217247392,-0.0927180794,-0.1713899227,-0.0123339681,-0.408374557,0.0269332941,-0.0881241026,0.0926490933,0.0010003844,-0.0010003844,0.9413,0.01814,-0.0666
0.080075736498436,8.0075736498436,0.29950040099999997,0.02000962215009642,2.000962215009642,0.420500159,6.468491007671079e-08,6.468491007671079e-06,0.999999,0.02000962215009642,2.000962215009642,0.420500159,0.00022919040052870584,False,naca2408,0.1280380083,0.1557599669,0.1587621614,0.1522927561,0.1492127086,0.1598318327,0.1602079339,-0.1011510764,-0.0509319767,-0.0589110022,-0.029556135,-0.0495707188,-0.0198561026,-0.0308381127,0.00084,-0.00084,0.8527,0.01631,-0.0415
0.12011535025054884,12.011535025054885,0.29900040199999994,0.02000957388684847,2.000957388684847,0.42000015999999996,7.22995226789527e-08,7.22995226789527e-06,0.999999,0.02000957388684847,2.000957388684847,0.42000015999999996,0.00034610190035183435,False,naca2412,0.1935330824,0.192289486,0.2382192599,0.1656385493,0.228174594,0.1869898545,0.2162466358,-0.1525668191,-0.111302138,-0.0992582499,-0.0940230738,-0.0793243228,-0.0763484658,-0.0716473144,0.0013,-0.0013,0.8958,0.01255,-0.0461
0.15017656789210823,15.017656789210823,0.29950040099999997,0.020003135274945027,2.0003135274945025,0.41500016999999995,7.548999775557497e-08,7.548999775557497e-06,0.999999,0.020003135274945027,2.0003135274945025,0.41500016999999995,0.00043282140311387974,False,naca2415,0.2437226052,0.2187947906,0.2975043154,0.1793991848,0.2813474412,0.2123853649,0.2557877087,-0.1890963536,-0.1602126764,-0.1254665397,-0.1437907674,-0.1056960075,-0.1148391354,-0.1048073171,0.0016,-0.0016,0.9185,0.0133,-0.0491
0.10014079494406034,10.014079494406033,0.29950040099999997,0.02000245878917361,2.0002458789173607,0.418500163,6.695657956952514e-08,6.6956579569525145e-06,0.999999,0.02000245878917361,2.0002458789173607,0.418500163,0.0002885619465881212,False,naca2410,0.161427129,0.172387012,0.2006634599,0.1580647635,0.187855244,0.1747840704,0.1872675905,-0.1271332187,-0.080747887,-0.0802865819,-0.0594031505,-0.0682374497,-0.045505486,-0.0533543366,0.00105,-0.00105,0.8771,0.01319,-0.0441
0.2102712878759686,21.02712878759686,0.29950040099999997,0.01998179719904533,1.9981797199045332,0.408000184,8.737585057740083e-08,8.737585057740083e-06,0.999999,0.01998179719904533,1.9981797199045332,0.408000184,0.0006080354975628227,False,naca2421,0.3487802602,0.2671236853,0.4199855052,0.2026252734,0.3928871992,0.2588651656,0.3379716328,-0.2592519048,-0.2643405737,-0.165879117,-0.2626404658,-0.1355463041,-0.208459121,-0.1632190982,0.0022,-0.0022,0.9555,0.01648,-0.0517
0.05842543037033689,5.842543037033689,0.207500585,0.019708621102461545,1.9708621102461545,0.43350013299999995,6.045543093547334e-08,6.045543093547334e-06,0.999999,0.019708621102461545,1.9708621102461545,0.43350013299999995,0.0001991182897125457,False,ag13,0.1211852816,0.1572055805,0.0756875591,0.1573603914,0.0659260123,0.1164495982,0.0939599728,-0.0779323956,-0.019105531,-0.043170631,0.0253528213,-0.0015411719,0.036981922,0.0269507544,0.000474235,-0.000474235,0.8752,0.0145,-0.0411
0.10009007215083376,10.009007215083376,0.36300027399999996,0.019661855102402072,1.9661855102402073,0.41350017299999997,-9.7800402035095e-05,-0.0097800402035095,0.999999,0.019661855102402072,1.9661855102402073,0.41350017299999997,2.0985453943802852e-07,False,sg6041,0.1663715945,0.192511212,0.1498428876,0.2114291053,0.1844976327,0.222949468,0.193027263,-0.1057940399,-0.0455861594,-0.1191354165,-0.028927881,-0.1462380721,-0.0187897318,-0.0165271884,-9.78886e-05,-9.78889e-05,0.8698,0.01354,-0.0429
0.06240091846240149,6.24009184624015,0.246500507,0.01956099073374337,1.9560990733743369,0.329500341,3.668547653016326e-08,3.668547653016326e-06,0.999999,0.01956099073374337,1.9560990733743369,0.329500341,0.00020731638678797993,False,ag03,0.1291820577,0.1726951382,0.0748575889,0.1826857294,0.0667181605,0.1349295472,0.0922747635,-0.0781334933,-0.0066970086,-0.0491873627,0.0003668526,-0.0346812239,-0.0091345687,-0.0189040883,0.0006053221,-0.0006053221,0.8446,0.01361,-0.0282
0.08631160979923212,8.631160979923212,0.34500031,0.019534656398868117,1.9534656398868115,0.556999886,1.0709020472836517e-07,1.0709020472836517e-05,0.999999,0.019534656398868117,1.9534656398868115,0.556999886,1.2877821664071037e-07,False,s2048,0.1261837006,0.2056191152,0.0693850293,0.2596808783,0.1051886977,0.2259600976,0.1700790642,-0.0866369222,-0.0617660296,-0.0617084426,-0.0898091249,-0.0269478529,-0.0246724189,0.0441015297,1.4e-09,-1.4e-09,0.8911,0.01373,-0.0543
0.07124797443273499,7.124797443273499,0.225500549,0.018925879690692107,1.8925879690692107,0.467000066,6.460154960952723e-08,6.460154960952723e-06,0.999999,0.018925879690692107,1.8925879690692107,0.467000066,0.00021132389779654443,False,ag16,0.1247648689,0.1757738737,0.083709678,0.1800433127,0.0751383974,0.1350863908,0.0986766389,-0.0865581253,-0.0664609596,-0.0354087414,-0.0223178086,0.005428574,0.0169363627,0.030526388,0.0004647255,-0.0004647255,0.8792,0.01393,-0.0443
0.09377731312639462,9.377731312639462,0.289000422,0.01854939654482321,1.8549396544823211,0.31200037599999997,-0.0005883221308802956,-0.05883221308802956,0.954499091,0.01854939654482321,1.8549396544823211,0.31200037599999997,1.66996179313852e-07,False,e221,0.1471098136,0.2159850277,0.1210376534,0.2291286504,0.0802228004,0.140666506,0.0553042851,-0.0930366578,-0.0800454351,-0.0617193787,-0.0783103782,-0.0576214473,-0.0697476533,-0.1116917172,-0.0,-0.0,0.8114,0.01161,-0.0142
0.04861087326442494,4.861087326442494,0.177000646,0.018511376226884712,1.8511376226884713,0.33000033999999995,3.422745383494831e-08,3.422745383494831e-06,0.999999,0.018511376226884712,1.8511376226884713,0.33000033999999995,0.00020451562044142187,False,ag09,0.1145794569,0.1450251918,0.0608108011,0.1359721724,0.0625261502,0.0962296738,0.076866276,-0.0899349733,0.0337670897,-0.0546049137,0.0508718251,-0.03954709,0.0188412325,-0.0084116138,0.0009771459,-0.0009771459,0.8234,0.01503,-0.0261
0.06245233377718061,6.245233377718061,0.212000576,0.018496560982292545,1.8496560982292545,0.43850012299999996,5.976319822278021e-08,5.976319822278021e-06,0.999999,0.018496560982292545,1.8496560982292545,0.43850012299999996,0.00020296389078232403,False,ag12,0.1217824815,0.1604646282,0.0801857667,0.1529410105,0.0736293062,0.1092124439,0.0944390198,-0.0811807053,-0.0365816766,-0.0420994247,0.0087103293,-0.0022631065,0.0284983406,0.0250873273,0.0004712239,-0.0004712239,0.8652,0.01436,-0.0393
0.07536834533305625,7.536834533305625,0.25950048099999995,0.018309944023377083,1.8309944023377083,0.397500205,5.6485422494397105e-08,5.6485422494397105e-06,0.999999,0.018309944023377083,1.8309944023377083,0.397500205,0.00021759645437260906,False,ag54,0.1259027197,0.1891507629,0.0892410163,0.1920594513,0.0928594596,0.1326966327,0.1259397671,-0.0916931598,-0.0447915546,-0.064959624,-0.017273877,-0.041860618,-0.0086470812,-0.0129689321,0.0003471957,-0.0003471957,0.8572,0.01312,-0.0358
0.15030884512527726,15.030884512527726,0.30100039799999995,0.018117030771545747,1.8117030771545746,0.144500711,2.3590529106228865e-08,2.3590529106228865e-06,0.999999,0.018117030771545747,1.8117030771545746,0.144500711,0.0004445902444794919,False,naca23015,0.2991015623,0.2242527431,0.2609192156,0.1676551052,0.2463498634,0.1711412861,0.2093300627,-0.1454865185,-0.1217125908,-0.2172548068,-0.0917587073,-0.1938897046,-0.1267432758,-0.1621489642,0.0016,-0.0016,0.8699,0.01616,-0.018
0.07179267807016389,7.179267807016389,0.27800044399999996,0.018031006430076678,1.8031006430076677,0.35650028699999997,-1.4704863819333243e-05,-0.0014704863819333244,0.992999014,0.018031006430076678,1.8031006430076677,0.35650028699999997,1.0772867732969871e-07,False,mh22,0.1023577963,0.2082226765,0.0403497896,0.2638206762,0.0221339261,0.1282580265,0.0496789547,-0.0733125446,-0.0661279027,-0.0140006649,-0.0677730477,-0.0197750739,-0.0344026443,-0.0580494469,0.0,0.0,0.7679,0.01693,-0.0132
0.10078135276822538,10.078135276822538,0.26850046299999997,0.017996797805756505,1.7996797805756506,0.361500277,-0.0012601594659808128,-0.12601594659808127,0.949499101,0.017996797805756505,1.7996797805756506,0.361500277,6.606923325419183e-08,False,mh60,0.1571376979,0.2394218263,0.0962232036,0.2592976666,0.0893746072,0.1554396655,-0.0225910577,-0.0986973894,-0.1093530416,-0.0706535944,-0.0646807329,-0.08057974,-0.0288603784,-0.0886596146,-0.0,-0.0,0.7934,0.01193,-0.0098
0.05836070922378007,5.836070922378007,0.204500591,0.017834160687610876,1.7834160687610876,0.40650018699999996,4.114454371661764e-08,4.114454371661764e-06,0.999999,0.017834160687610876,1.7834160687610876,0.40650018699999996,0.0002055710092412273,False,ag08,0.1137196021,0.1627479683,0.0591149483,0.162072387,0.0613709176,0.1200390443,0.0921855139,-0.0918502204,-0.0082538374,-0.0602043609,0.0384408027,-0.0331684898,0.0099627398,-0.0098966716,0.0007998596,-0.0007998596,0.8352,0.01449,-0.0314
0.08479963242228267,8.479963242228267,0.293000414,0.017699721034010643,1.7699721034010643,0.383000234,1.2370541714450905e-08,1.2370541714450905e-06,0.999999,0.017699721034010643,1.7699721034010643,0.383000234,6.425416531132115e-08,False,mh43,0.1240305713,0.199484447,0.0912961005,0.2392143465,0.0788685957,0.1431504055,0.0444970547,-0.0835073323,-0.0944641506,-0.025438291,-0.0951519722,-0.0212183619,-0.0544263324,-0.0197563428,-0.0,-0.0,0.8083,0.01218,-0.0222
0.07010545735951364,7.010545735951363,0.354000292,0.01764781474499698,1.764781474499698,0.560499879,1.353515426129035e-07,1.353515426129035e-05,0.999999,0.01764781474499698,1.764781474499698,0.560499879,1.825391874259732e-07,False,ah21-9,0.1206153177,0.1154226601,0.1339969428,0.1349831186,0.1553250357,0.1782931473,0.2266215396,-0.0751168052,-0.0475258886,-0.054877339,-0.0536587421,-0.0136979431,-0.0680778324,0.0440826439,0.0,0.0,0.8376,0.01952,-0.046
0.08077921149785473,8.077921149785473,0.27500044999999995,0.017633297055178708,1.7633297055178707,0.41600016799999995,6.002239918815894e-08,6.002239918815894e-06,0.999999,0.017633297055178708,1.7633297055178707,0.41600016799999995,0.00022495645349102507,False,ag53,0.1278927159,0.1908218016,0.0971076727,0.1973449894,0.1070456786,0.1425922893,0.1440800961,-0.0970633256,-0.0575805014,-0.0706267387,-0.0328475878,-0.0505087736,-0.0198480531,-0.0240352539,0.0002481356,-0.0002481356,0.8533,0.01312,-0.0366
0.08907880181557948,8.907880181557948,0.317000366,0.01760623329264324,1.7606233292643239,0.40650018699999996,1.1463150845452191e-07,1.1463150845452191e-05,0.999999,0.01760623329264324,1.7606233292643239,0.40650018699999996,1.4715764912963633e-07,False,rg15,0.1295788462,0.2045576472,0.1019028275,0.2219037674,0.1229060321,0.1705304689,0.1882105332,-0.0904639502,-0.0823434743,-0.0479926545,-0.0915785316,-0.0548020835,-0.0350278331,0.0410531609,0.0,0.0,0.8787,0.01296,-0.0476
0.07829261980854593,7.829261980854593,0.28950042099999995,0.01743756736934255,1.743756736934255,0.44800010399999995,3.9389367965071254e-08,3.938936796507125e-06,0.999999,0.01743756736934255,1.743756736934255,0.44800010399999995,9.30821955219596e-08,False,mh30,0.1204785613,0.1871699369,0.0804746415,0.219259832,0.0778485789,0.2098452125,0.0859297652,-0.078892736,-0.0797063677,-0.035538546,-0.0706027511,-0.0237603787,-0.0376469231,-0.0071515504,0.0,0.0,0.8337,0.01357,-0.0351
0.08350185144185038,8.350185144185037,0.28200043599999997,0.01732693266993027,1.732693266993027,0.42500014999999997,6.1910277613213e-08,6.1910277613213e-06,0.999999,0.01732693266993027,1.732693266993027,0.42500014999999997,0.0002287059132771778,False,ag52,0.1290703827,0.1913930965,0.1014768962,0.1994650794,0.1144188184,0.1473301794,0.1530923255,-0.099635203,-0.0639911119,-0.0730811814,-0.0409422764,-0.0542255493,-0.0257871992,-0.0292716947,0.0001981064,-0.0001981064,0.8514,0.01314,-0.037
0.1501062710719769,15.01062710719769,0.283500433,0.017313632855944273,1.7313632855944272,0.159000682,-0.00288032797118031,-0.288032797118031,0.825999348,0.017313632855944273,1.7313632855944272,0.159000682,1.02586671459688e-07,False,mh91,0.2471097721,0.3106589246,0.153787422,0.2774118589,0.1052005581,0.1765234318,0.014062959,-0.1422035669,-0.1430814254,-0.1970461208,-0.1178347866,-0.1839749553,-0.1898042461,-0.0885221813,-0.0,-0.0,0.8208,0.01516,0.0031
0.06432646346405313,6.432646346405313,0.218500563,0.01723558450738879,1.7235584507388788,0.407000186,3.4357377482797675e-08,3.4357377482797675e-06,0.999999,0.01723558450738879,1.7235584507388788,0.407000186,0.00021081030502557657,False,ag04,0.1205649429,0.1688141442,0.0652997043,0.1765423946,0.057438773,0.1261982005,0.0826627503,-0.0902442849,-0.0331945064,-0.0488985581,-0.0011489425,-0.0172661734,0.0004367704,-0.0139483085,0.0006704197,-0.0006704197,0.8323,0.01383,-0.0297
0.1016557959786613,10.16557959786613,0.298000404,0.017194869334045376,1.7194869334045375,0.492000016,9.448968988101005e-08,9.448968988101006e-06,0.999999,0.017194869334045376,1.7194869334045375,0.492000016,1.3010373817341762e-07,False,e224,0.133596249,0.2201768408,0.1054536479,0.2485359279,0.1173084258,0.1971973684,0.1595414128,-0.1152299782,-0.1086754731,-0.0818755408,-0.0940786455,-0.0392986656,-0.0748098257,0.029438461,-0.0,-0.0,0.8705,0.01235,-0.0458
0.09849638832563726,9.849638832563725,0.263000474,0.017106622889693023,1.7106622889693022,0.351000298,-0.0011099391498845849,-0.1109939149884585,0.945999108,0.017106622889693023,1.7106622889693022,0.351000298,7.107054445351342e-08,False,mh45,0.1649089464,0.2133238708,0.1240618744,0.2144923787,0.1108900423,0.1208479171,-0.0100322623,-0.0951059567,-0.1169185334,-0.0564275618,-0.077913666,-0.0659429125,-0.0348701086,-0.0811023344,0.0,0.0,0.7807,0.01192,-0.0067
0.047013356585206396,4.70133565852064,0.158500683,0.01665785940294344,1.665785940294344,0.32450035099999996,2.809190883515042e-08,2.809190883515042e-06,0.999999,0.01665785940294344,1.665785940294344,0.32450035099999996,0.00022149997164021414,False,ag10,0.1217765552,0.1184664954,0.0815396224,0.0830524043,0.0843953427,0.0733816792,0.0772893678,-0.0997209449,0.0513286548,-0.0942491454,0.113037221,-0.0977829147,0.0509457344,-0.0211059309,0.0018095954,-0.0018095954,,,
0.11148591973475189,11.148591973475188,0.32800034399999994,0.016340894239258424,1.6340894239258423,0.78499943,-0.010793292205521582,-1.0793292205521583,0.215500569,0.016340894239258424,1.6340894239258423,0.78499943,0.0003642787669247852,False,npl9510,0.1721496837,-0.0105160843,0.2870590118,-0.0662443339,0.3042596224,0.1215223244,0.2378845318,-0.1921260407,-0.1287142558,-0.2351074352,-0.1285387225,-0.1236973431,0.0443795916,0.0964526063,0.0024416273,-0.0024416273,0.8155,0.04764,-0.0598
0.12032799511123007,12.032799511123008,0.30100039799999995,0.015773429684387708,1.5773429684387708,0.158000684,7.893439679987867e-09,7.893439679987867e-07,0.999999,0.015773429684387708,1.5773429684387708,0.158000684,0.0003622222162743048,False,naca23012,0.2150975789,0.2397002551,0.1253963515,0.2272585823,0.1274191766,0.1760826512,0.1561665055,-0.1471230738,-0.0234369278,-0.277452618,0.0391472966,-0.2353806875,-0.0600867162,-0.1403802195,0.0012601458,-0.0012601458,0.8201,0.01499,-0.0106
0.08462896699178771,8.46289669917877,0.30600038799999996,0.015431485228580625,1.5431485228580626,0.389500221,8.173260076215478e-08,8.173260076215478e-06,0.999999,0.015431485228580625,1.5431485228580626,0.389500221,1.502638513293402e-07,False,rg14,0.1199350994,0.1978241729,0.0841508678,0.2184656954,0.0982549019,0.1630405179,0.1568645678,-0.0990791726,-0.0600550203,-0.0918878792,-0.0307428063,-0.0886329493,-0.0785660592,0.0066011894,0.0,0.0,0.822,0.01293,-0.0313
0.09660177972687604,9.660177972687604,0.272500455,0.015263838449311392,1.526383844931139,0.36000027999999995,-0.0009902099886030615,-0.09902099886030616,0.956499087,0.015263838449311392,1.526383844931139,0.36000027999999995,1.514324780054795e-07,False,mh44,0.1517127022,0.2033127777,0.1259977609,0.1935175103,0.1172074106,0.1639374186,0.0255848121,-0.0939496777,-0.1174041593,-0.0644637333,-0.0703877945,-0.0943729932,-0.0227311863,-0.1258475302,-0.0,-0.0,0.7957,0.01224,-0.0147
0.10235374157283449,10.235374157283449,0.29750040499999997,0.01510730061909894,1.510730061909894,0.382000236,-0.0024232529740939594,-0.24232529740939596,0.931499137,0.01510730061909894,1.510730061909894,0.382000236,6.846959282329515e-08,False,mh61,0.1266787433,0.2319807822,0.0921992506,0.2694140204,0.0813136427,0.1606030779,-0.0475679788,-0.0897289406,-0.1346066304,-0.0643832766,-0.0970193268,-0.083274881,-0.0469088612,-0.1160367716,0.0,0.0,0.7642,0.01111,-0.0065
0.11032101148200452,11.032101148200452,0.416500167,0.014868223251508723,1.4868223251508723,0.417500165,2.4002977512609208e-08,2.400297751260921e-06,0.999999,0.014868223251508723,1.4868223251508723,0.417500165,2.7628548754692614e-07,False,mh26,0.1274458528,0.2253455489,0.0589991556,0.3749951979,-0.0233449015,0.4588716912,0.162144022,-0.0904241038,-0.1086743419,-0.0609486867,-0.1881631583,-0.0024234715,-0.2663945333,-0.1141389098,-0.0,-0.0,0.8946,0.01549,-0.05
0.12039484495694938,12.039484495694937,0.42850014299999994,0.014750224475830798,1.4750224475830798,0.419500161,2.7603237372482287e-08,2.7603237372482286e-06,0.999999,0.014750224475830798,1.4750224475830798,0.419500161,3.5690940754425435e-07,False,mh27,0.1324994415,0.2376317531,0.0641332045,0.3980614706,-0.0158567548,0.4854696082,0.2060563677,-0.0955035239,-0.1235931734,-0.0622557632,-0.2193470663,-0.0013129136,-0.301321948,-0.150850639,-0.0,-0.0,0.9205,0.01586,-0.0558
0.07412979537886347,7.412979537886347,0.26350047299999996,0.014416841020364203,1.4416841020364204,0.367500265,2.6472775731872428e-08,2.647277573187243e-06,0.999999,0.014416841020364203,1.4416841020364204,0.367500265,1.3648199181165782e-07,False,jx-gs-10,0.1253632721,0.166606175,0.0941657862,0.1703032616,0.0749126076,0.1215958248,0.0947136577,-0.0739377279,-0.071490625,-0.0592648512,-0.033824514,-0.0512845572,-0.0287277105,-0.0417683193,0.0,0.0,0.7902,0.01342,-0.019
0.08511271957993798,8.511271957993797,0.24500051,0.014342709502057668,1.434270950205767,0.36100027799999995,6.795209046951402e-08,6.795209046951402e-06,0.999999,0.014342709502057668,1.434270950205767,0.36100027799999995,8.205752062679938e-08,False,sd7003,0.1499161787,0.1907848184,0.0917955825,0.1899426308,0.0820932302,0.1306343232,0.1100807814,-0.1183140334,-0.0624849813,-0.0882517639,-0.0387779676,-0.0620683256,-0.0324985366,0.0258236941,-1.1e-09,1.1e-09,0.8269,0.01327,-0.0285
0.06908136709999202,6.9081367099992015,0.233000534,0.014305673840037286,1.4305673840037285,0.29500041,1.049840111975789e-08,1.049840111975789e-06,0.999999,0.014305673840037286,1.4305673840037285,0.29500041,1.1259180746382356e-07,False,jx-gs-04,0.1303689987,0.1632138949,0.0927275131,0.1427000734,0.0476380587,0.1084354989,0.0667940884,-0.0795157761,-0.0468046234,-0.0742848129,0.0095687608,-0.0782432159,-0.0064657513,-0.0457977615,0.0,0.0,0.7757,0.01294,-0.0111
0.07599407236276001,7.599407236276001,0.277500445,0.014292209860650624,1.4292209860650624,0.42000015999999996,3.215789236114443e-08,3.2157892361144427e-06,0.999999,0.014292209860650624,1.4292209860650624,0.42000015999999996,1.5667821387138395e-07,False,jx-gs-15,0.1186478685,0.1782206146,0.0746803132,0.1950918719,0.0772284112,0.1526541289,0.1104968016,-0.0772138313,-0.0714916091,-0.0683074612,-0.0365834104,-0.0567417937,-0.0314752,-0.0461813259,0.0,0.0,0.8001,0.01358,-0.0245
0.0710564359380169,7.10564359380169,0.248500503,0.014100146355594617,1.4100146355594618,0.33100033799999995,1.880090526379771e-08,1.8800905263797712e-06,0.999999,0.014100146355594617,1.4100146355594618,0.33100033799999995,1.277738715592866e-07,False,jx-gs-06,0.1266685216,0.1714347675,0.0766645396,0.1751270915,0.0460087804,0.1234021025,0.0826876381,-0.0762088987,-0.0509826038,-0.0820351022,0.0046617324,-0.0766772837,-0.0084789409,-0.0450862727,0.0,0.0,0.7875,0.0131,-0.0159
0.09028572330338619,9.02857233033862,0.389500221,0.01277189269847637,1.277189269847637,0.38550022899999997,1.9094050785420497e-08,1.9094050785420497e-06,0.999999,0.01277189269847637,1.277189269847637,0.38550022899999997,1.5634329654354215e-07,False,mh24,0.1150804437,0.1911521438,0.0572557176,0.2925648381,-0.0034990977,0.3500302936,0.0972642311,-0.0816218867,-0.0885843118,-0.048804115,-0.1533615623,0.0079925004,-0.2233148759,-0.0590766416,0.0,0.0,0.8186,0.01532,-0.0315
0.12107369361239853,12.107369361239853,0.378000244,0.012680384980000283,1.2680384980000283,0.751999496,-0.0002288109674740517,-0.02288109674740517,0.052500895,0.012680384980000283,1.2680384980000283,0.751999496,1.454761603118492e-07,False,rae2822,0.128792196,0.1327408487,0.1712153634,0.152250452,0.2313351029,0.16514162,0.2170822416,-0.1311522721,-0.1377629924,-0.1396334974,-0.2518677596,-0.0326995133,-0.1111251524,0.0716067933,-4.07865e-05,-4.07865e-05,0.7427,0.01896,-0.037
0.18095281114587713,18.095281114587713,0.397500205,0.012007504046254655,1.2007504046254656,0.211000578,1.77573972732375e-07,1.77573972732375e-05,0.999999,0.012007504046254655,1.2007504046254656,0.211000578,0.00034972456553394665,False,as5048,0.2164396225,0.2864070836,0.2015832476,0.2896157114,0.421733331,-0.0160538636,0.45238149,-0.1332813208,-0.2268594651,-0.104489684,-0.3602718955,-0.1648349341,-0.1072758492,-0.0972304961,0.0014953439,-0.0014953439,0.8948,0.01398,-0.0472
0.1231519696399711,12.31519696399711,0.396500207,0.011896525676667269,1.189652567666727,0.561499877,-1.2280284203074117e-05,-0.0012280284203074116,0.995999008,0.011896525676667269,1.189652567666727,0.561499877,1.3813079074444025e-07,False,s8064,0.1439811068,0.1775884859,0.1749707839,0.2186617526,0.1798483382,0.3251686444,0.0631791637,-0.1143785579,-0.1360654169,-0.125428616,-0.1231247178,-0.1805798906,-0.0982123603,-0.0749499846,0.0,0.0,0.7996,0.01446,-0.0335
0.10982108364751035,10.982108364751035,0.382000236,0.011833362329732713,1.1833362329732713,0.534499931,2.555870053099256e-09,2.555870053099256e-07,0.999999,0.011833362329732713,1.1833362329732713,0.534499931,1.3143690572134389e-07,False,s8065,0.1356723551,0.16316432,0.1576154731,0.2019060984,0.1600803458,0.2768654181,0.0682731055,-0.1070612056,-0.1195786402,-0.108113169,-0.1127074742,-0.1400373123,-0.0854769118,-0.0631624805,0.0,-0.0,0.7569,0.01468,-0.0249
0.07262424403006149,7.262424403006149,0.29350041299999996,0.01087244643295613,1.087244643295613,0.42500014999999997,4.1830022671178854e-08,4.183002267117885e-06,0.999999,0.01087244643295613,1.087244643295613,0.42500014999999997,1.1614035032678284e-07,False,mh33,0.1132156596,0.1541950271,0.0677106611,0.1890812198,0.0481832058,0.1817306009,0.0998997568,-0.0785958211,-0.0918509271,-0.0247366755,-0.1210645554,0.0169102433,-0.1156754487,-0.016239564,-0.0,-0.0,0.7575,0.01534,-0.0186
0.08007470661833503,8.007470661833503,0.30000039999999994,0.010009197115149505,1.0009197115149506,0.42000015999999996,3.2721060723081823e-08,3.2721060723081823e-06,0.999999,0.010009197115149505,1.0009197115149506,0.42000015999999996,0.00022982920783972798,False,naca1408,0.1220077886,0.1268454354,0.138323738,0.1165978238,0.1282575945,0.1225229787,0.1287171796,-0.1078201295,-0.0762436115,-0.0855535519,-0.0582837086,-0.0759613511,-0.0540032347,-0.0632750439,0.00084,-0.00084,0.7496,0.01681,-0.018
0.12011376491069325,12.011376491069326,0.30000039999999994,0.010003438257248403,1.0003438257248403,0.417500165,3.461246740523588e-08,3.461246740523588e-06,0.999999,0.010003438257248403,1.0003438257248403,0.417500165,0.000344878578627621,False,naca1412,0.1828332384,0.1721353381,0.2025587861,0.1505300379,0.1877883497,0.1618917331,0.1787161595,-0.1620434096,-0.1319917972,-0.134205133,-0.1104244694,-0.1202591817,-0.101463275,-0.1094911373,0.00126,-0.00126,0.7906,0.01319,-0.0236
0.16106528550694463,16.106528550694463,0.383000234,0.00994561874478566,0.994561874478566,0.189000622,-0.0006670076973503041,-0.0667007697350304,0.999999,0.00994561874478566,0.994561874478566,0.189000622,0.0003308122376827565,False,as5046,0.1931611098,0.2716474348,0.1501098021,0.2974201532,0.3206686919,0.0039847773,0.3184308204,-0.1376480165,-0.185600603,-0.1317435196,-0.2822055294,-0.1782274274,-0.0520347572,-0.0126575677,0.0006746206,-0.0020089431,0.8921,0.01431,-0.0454
0.1510967018330922,15.10967018330922,0.37950024099999996,0.009850764238332258,0.9850764238332258,0.21000058,-0.0005607163017607979,-0.056071630176079794,0.999999,0.009850764238332258,0.9850764238332258,0.21000058,0.00030956286779725245,False,as5045,0.1853140908,0.2492099699,0.1493560364,0.2856187023,0.2965291069,0.0021527538,0.2509108851,-0.1242458691,-0.1793686568,-0.1132936216,-0.2708916643,-0.1568624775,-0.0310549891,0.0385659251,0.0006908135,-0.0018125367,0.8981,0.01416,-0.0476
0.10036101361490254,10.036101361490255,0.304500391,0.009747175944942052,0.9747175944942053,0.420500159,3.8204410935391633e-08,3.820441093539163e-06,0.999999,0.009747175944942052,0.9747175944942053,0.420500159,0.0002869193752612127,False,naca1410,0.152198316,0.149873465,0.1700493521,0.1337971742,0.1580444097,0.1420678728,0.153863069,-0.1347194247,-0.1072906453,-0.0945164396,-0.1214698693,-0.0575715722,-0.1029801877,-0.077453985,0.00105,-0.00105,0.7621,0.01493,-0.0198
0.09996929629355766,9.996929629355765,0.36900026199999997,0.009565448789157691,0.9565448789157691,0.528999942,-4.4773054909791855e-05,-0.004477305490979185,0.999999,0.009565448789157691,0.9565448789157691,0.528999942,1.322368865195941e-07,False,s8066,0.1310310789,0.1424893832,0.1491194485,0.1701616318,0.1536411476,0.2116976261,0.0898180503,-0.1008572623,-0.1153110978,-0.0963966214,-0.1119326064,-0.1213106763,-0.0811278559,-0.0424179388,-4.47968e-05,-4.47968e-05,0.7327,0.0155,-0.0192
0.09957944030137839,9.957944030137838,0.29250041499999996,0.00012737523344887904,0.012737523344887904,0.007500985,-0.007779730362893944,-0.7779730362893944,0.767999464,0.007779730362893944,0.7779730362893944,0.767999464,1.370049354414693e-07,False,e230,0.1257616879,0.1464932803,0.0902546425,0.1518182152,0.0383478652,0.1278013018,-0.0522244965,-0.1212916609,-0.1765779008,-0.0961263281,-0.1723047416,-0.1245623531,-0.128360193,-0.1892287855,-0.0,-0.0,0.6138,0.01567,0.0217
0.0786931838495501,7.86931838495501,0.306500387,0.004187678004502414,0.4187678004502414,0.137500725,-0.0005998406795057259,-0.059984067950572595,0.955499089,0.004187678004502414,0.4187678004502414,0.137500725,0.0003201121319991603,False,a63a108c,0.1758499382,0.0204400842,0.2433597257,-0.0561627022,0.21745248,0.0612388397,0.0282419498,-0.1442573971,0.0150263749,-0.2582639817,0.1047857629,-0.2399976252,0.0295697562,-0.0892222816,0.0035024771,-0.0035024771,0.6736,0.01661,0.0014
0.10054996492659292,10.054996492659292,0.29500041,0.0026182426326229087,0.26182426326229086,0.31550036899999995,-0.0017986362999222734,-0.17986362999222733,0.904499191,0.0026182426326229087,0.26182426326229086,0.31550036899999995,1.2603713181665234e-07,False,e228,0.1216444774,0.1873518711,0.0698724667,0.2168263598,0.0405897196,0.1672791047,0.0143241009,-0.1166956123,-0.1608038053,-0.079687157,-0.1610455068,-0.08355252,-0.1184298754,-0.1117121359,0.0,0.0,0.6899,0.01316,0.0014
0.10999332728269011,10.99933272826901,0.250500499,-3.001338084313021e-10,-3.001338084313021e-08,0.999999,-5.785885068585253e-05,-0.005785885068585253,0.034500931,5.785885068585253e-05,0.005785885068585253,0.034500931,0.00031598751582850724,False,w1011,0.1574763496,0.1816216386,0.0926921059,0.1749582758,0.0694552882,0.1078429564,0.0922929709,-0.1585096128,-0.1802951643,-0.0953089881,-0.172240191,-0.0719095865,-0.1066293766,-0.0928932497,0.0007969165,-0.0007969165,0.6774,0.01334,0.0021
0.14988992288473657,14.988992288473657,0.27400045199999995,-2.9232686003842837e-10,-2.9232686003842837e-08,0.999999,-5.4638981776915924e-05,-0.005463898177691592,0.034000932,5.4638981776915924e-05,0.005463898177691592,0.034000932,0.00040935145831659005,False,w1015,0.20418128,0.2388962317,0.1413693778,0.2311608061,0.1272791221,0.1547573961,0.1587810905,-0.205168518,-0.2375729769,-0.1440407547,-0.2283166261,-0.1298409826,-0.1534941044,-0.1593657556,0.0008334771,-0.0008334771,0.7464,0.01392,-0.0111
0.10083416787821811,10.083416787821811,0.28650042699999995,2.00593388022946e-06,0.00020059338802294602,0.5379999240000001,-5.011568152794854e-07,-5.011568152794854e-05,0.949499101,2.00593388022946e-06,0.00020059338802294602,0.5379999240000001,2.2539257547044269e-07,False,sd8020,0.132797207,0.1673335059,0.0807964329,0.1775478267,0.079151909,0.1278319516,0.1126732133,-0.1327675722,-0.1673704418,-0.0807899063,-0.1774999716,-0.0791833541,-0.1277709296,-0.1127192936,0.0,0.0,0.7009,0.01404,-0.0052
0.15101415954827865,15.101415954827866,0.34200031599999997,0.0,0.0,1e-06,0.0,0.0,1e-06,0.0,0.0,1e-06,2.407136897332511e-07,False,fx71l150,0.1973032731,0.1532027723,0.2430173997,0.1764975999,0.2333497891,0.0191469958,0.1203575123,-0.1973032731,-0.1532027723,-0.2430173997,-0.1764975999,-0.2333497891,-0.0191469958,-0.1203575123,0.0,0.0,0.64,0.01345,0.0093
0.11982070296609239,11.982070296609239,0.39500020999999996,0.0,0.0,1e-06,0.0,0.0,1e-06,0.0,0.0,1e-06,1.4470771312700387e-07,False,s1012,0.1730009284,0.1334960354,0.1826390356,0.0826803348,0.2853561789,0.1485096802,0.0723534358,-0.1730009284,-0.1334960354,-0.1826390356,-0.0826803348,-0.2853561789,-0.1485096802,-0.0723534358,0.0,0.0,0.5737,0.01599,0.0244
0.08006865064068519,8.006865064068519,0.30000039999999994,0.0,0.0,1e-06,0.0,0.0,1e-06,0.0,0.0,1e-06,0.0002294340434230821,False,naca0008,0.1147163754,0.1015542892,0.1120384258,0.0872906972,0.1022427842,0.0882744276,0.0957142744,-0.1147163754,-0.1015542892,-0.1120384258,-0.0872906972,-0.1022427842,-0.0882744276,-0.0957142744,0.00084,-0.00084,0.6503,0.01796,0.0046
0.10010066791844742,10.010066791844743,0.30000039999999994,0.0,0.0,1e-06,0.0,0.0,1e-06,0.0,0.0,1e-06,0.0002866451633065309,False,naca0010,0.1433217714,0.1272508577,0.1393567688,0.1103458951,0.1265260777,0.1109999953,0.1196227805,-0.1433217714,-0.1272508577,-0.1393567688,-0.1103458951,-0.1265260777,-0.1109999953,-0.1196227805,0.00105,-0.00105,0.6682,0.01584,0.0013
0.1501258797211983,15.012587972119832,0.30000039999999994,0.0,0.0,1e-06,0.0,0.0,1e-06,0.0,0.0,1e-06,0.00043009967519842086,False,naca0015,0.215048619,0.1906564581,0.2095000979,0.1645051913,0.1909125282,0.1657322757,0.1795247786,-0.215048619,-0.1906564581,-0.2095000979,-0.1645051913,-0.1909125282,-0.1657322757,-0.1795247786,0.00158,-0.00158,0.778,0.01461,-0.0174
0.12259131849895759,12.259131849895759,0.34550030899999995,0.0,0.0,1e-06,0.0,0.0,1e-06,0.0,0.0,1e-06,1.8044293383840376e-07,False,e171,0.122650004,0.1972772879,0.0875888003,0.2757724163,0.0557767955,0.1426261082,0.0902211976,-0.122650004,-0.1972772879,-0.0875888003,-0.2757724163,-0.0557767955,-0.1426261082,-0.0902211976,0.0,0.0,,,
0.14380518340785975,14.380518340785976,0.262000476,0.0,0.0,1e-06,0.0,0.0,1e-06,0.0,0.0,1e-06,1.8061552245098628e-07,False,e169,0.1644040315,0.2567368538,0.1331868374,0.2115811103,0.0908898913,0.115353915,0.0903076561,-0.1644040315,-0.2567368538,-0.1331868374,-0.2115811103,-0.0908898913,-0.115353915,-0.0903076561,0.0,0.0,0.716,0.0126,-0.005
0.12437724308029062,12.437724308029061,0.255500489,0.0,0.0,1e-06,0.0,0.0,1e-06,0.0,0.0,1e-06,1.7472345964785314e-07,False,e168,0.1479965766,0.2294379191,0.0958880443,0.2004778844,0.0739821169,0.1050621746,0.0873616673,-0.1479965766,-0.2294379191,-0.0958880443,-0.2004778844,-0.0739821169,-0.1050621746,-0.0873616673,0.0,0.0,0.699,0.01243,-0.0021
0.1801528998818517,18.01528998818517,0.30000039999999994,0.0,0.0,1e-06,0.0,0.0,1e-06,0.0,0.0,1e-06,0.0005162370588721018,False,naca0018,0.2581170742,0.2286757683,0.2514970123,0.1973976118,0.2291889873,0.1987301702,0.2156755969,-0.2581170742,-0.2286757683,-0.2514970123,-0.1973976118,-0.2291889873,-0.1987301702,-0.2156755969,0.00189,-0.00189,0.7194,0.01552,-0.0031
0.16985579841687146,16.985579841687144,0.28450043099999994,0.0,0.0,1e-06,0.0,0.0,1e-06,0.0,0.0,1e-06,1.812208495475562e-07,False,s1046,0.1828490678,0.3149685802,0.1150222142,0.3218086884,0.0948888022,0.1840731024,0.0906099093,-0.1828490678,-0.3149685802,-0.1150222142,-0.3218086884,-0.0948888022,-0.1840731024,-0.0906099093,0.0,0.0,,,
0.17411330502398156,17.411330502398155,0.40500019,0.0,0.0,1e-06,0.0,0.0,1e-06,0.0,0.0,1e-06,1.277267875998437e-07,False,s1016,0.2137301782,0.211940221,0.2589047612,0.1220602818,0.4027157571,0.2623006812,0.0638622351,-0.2137301782,-0.211940221,-0.2589047612,-0.1220602818,-0.4027157571,-0.2623006812,-0.0638622351,0.0,0.0,0.4993,0.01804,0.0413
0.1649390981999878,16.49390981999878,0.447500105,0.0,0.0,1e-06,0.0,0.0,1e-06,0.0,0.0,1e-06,1.846275501406978e-07,False,s1014,0.1973202311,0.1793053075,0.2625901224,0.0714538118,0.4805413454,0.1455169002,0.092313502,-0.1973202311,-0.1793053075,-0.2625901224,-0.0714538118,-0.4805413454,-0.1455169002,-0.092313502,0.0,0.0,0.4939,0.01633,0.0398
0.06035435096382858,6.035435096382858,0.217500565,0.0,0.0,1e-06,0.0,0.0,1e-06,0.0,0.0,1e-06,9.359979799611913e-08,False,s1010,0.1099784368,0.087549544,0.0510147221,0.0891910005,0.0647219696,0.0985659393,0.0467996118,-0.1099784368,-0.087549544,-0.0510147221,-0.0891910005,-0.0647219696,-0.0985659393,-0.0467996118,0.0,0.0,0.6442,0.0177,0.0073
