airfoil_id,arquivo_original,formato_dat,arquivo_cst,ordem_cst,chord_original,Au0,Au1,Au2,Au3,Au4,Au5,Au6,Al0,Al1,Al2,Al3,Al4,Al5,Al6,DeltaTE_upper,DeltaTE_lower,RMSE_upper,RMSE_lower,MaxError_upper,MaxError_lower
2032c,2032c.dat,selig,2032c_cst.dat,6,1.0000000000,0.1581959608,0.5258894021,-0.0520598893,0.5747885601,-0.0011907997,0.3545173484,0.1794280464,-0.0514495151,0.1297256723,0.0203739288,0.2405027382,0.0099169207,0.1834549132,0.0994410562,0.0016000000,-0.0016000000,0.0003949368,0.0003110009,0.0009948175,0.0007273224
a18,a18.dat,selig,a18_cst.dat,6,1.0001213608,0.1278571450,0.2076476049,0.1151057592,0.2919312051,0.1028585817,0.2565603902,0.2235192563,-0.1056645387,-0.0076146008,-0.0083740416,0.0463324506,0.0381648739,0.0817200189,0.0629348897,0.0030692550,-0.0030692550,0.0003591942,0.0002674617,0.0007052586,0.0006767366
a18sm,a18sm.dat,selig,a18sm_cst.dat,6,0.9995100021,0.1333383349,0.1838026549,0.1589580571,0.2322534935,0.1578608954,0.2209657468,0.2382460768,-0.1081593377,0.0046739877,-0.0403964053,0.0938477755,-0.0100171803,0.1063401531,0.0515668515,0.0030665026,-0.0030665026,0.0001826065,0.0002048767,0.0007369377,0.0011633570
a63a108c,a63a108c.dat,lednicer,a63a108c_cst.dat,6,0.9992892299,0.1758499382,0.0204400842,0.2433597257,-0.0561627022,0.2174524800,0.0612388397,0.0282419498,-0.1442573971,0.0150263749,-0.2582639817,0.1047857629,-0.2399976252,0.0295697562,-0.0892222816,0.0035024771,-0.0035024771,0.0011160078,0.0012498291,0.0042516492,0.0045323883
ag03,ag03.dat,selig,ag03_cst.dat,6,0.9994674883,0.1291820577,0.1726951382,0.0748575889,0.1826857294,0.0667181605,0.1349295472,0.0922747635,-0.0781334933,-0.0066970086,-0.0491873627,0.0003668526,-0.0346812239,-0.0091345687,-0.0189040883,0.0006053221,-0.0006053221,0.0001565998,0.0002253231,0.0005597929,0.0016008041
ag04,ag04.dat,selig,ag04_cst.dat,6,0.9993731100,0.1205649429,0.1688141442,0.0652997043,0.1765423946,0.0574387730,0.1261982005,0.0826627503,-0.0902442849,-0.0331945064,-0.0488985581,-0.0011489425,-0.0172661734,0.0004367704,-0.0139483085,0.0006704197,-0.0006704197,0.0001599037,0.0001901458,0.0006237187,0.0012725307
ag08,ag08.dat,selig,ag08_cst.dat,6,0.9995482939,0.1137196021,0.1627479683,0.0591149483,0.1620723870,0.0613709176,0.1200390443,0.0921855139,-0.0918502204,-0.0082538374,-0.0602043609,0.0384408027,-0.0331684898,0.0099627398,-0.0098966716,0.0007998596,-0.0007998596,0.0001569690,0.0001814134,0.0007844208,0.0010783241
ag09,ag09.dat,selig,ag09_cst.dat,6,0.9993390000,0.1145794569,0.1450251918,0.0608108011,0.1359721724,0.0625261502,0.0962296738,0.0768662760,-0.0899349733,0.0337670897,-0.0546049137,0.0508718251,-0.0395470900,0.0188412325,-0.0084116138,0.0009771459,-0.0009771459,0.0002253184,0.0002397667,0.0016434152,0.0015132185
ag10,ag10.dat,selig,ag10_cst.dat,6,0.9993940568,0.1217765552,0.1184664954,0.0815396224,0.0830524043,0.0843953427,0.0733816792,0.0772893678,-0.0997209449,0.0513286548,-0.0942491454,0.1130372210,-0.0977829147,0.0509457344,-0.0211059309,0.0018095954,-0.0018095954,0.0003004979,0.0004004814,0.0021800709,0.0022586242
ag11,ag11.dat,selig,ag11_cst.dat,6,0.9992520547,0.1464472001,0.1577692722,0.0941842189,0.1619393909,0.0799626662,0.1258540531,0.0934897194,-0.0756163867,0.0545297490,-0.1155937784,0.0947663233,-0.0943446712,0.0351475283,-0.0257593860,0.0011613594,-0.0011613594,0.0001794911,0.0004925967,0.0010364379,0.0026269989
ag12,ag12.dat,selig,ag12_cst.dat,6,0.9995248339,0.1217824815,0.1604646282,0.0801857667,0.1529410105,0.0736293062,0.1092124439,0.0944390198,-0.0811807053,-0.0365816766,-0.0420994247,0.0087103293,-0.0022631065,0.0284983406,0.0250873273,0.0004712239,-0.0004712239,0.0001496136,0.0001252347,0.0007044901,0.0007792143
ag13,ag13.dat,selig,ag13_cst.dat,6,0.9995045069,0.1211852816,0.1572055805,0.0756875591,0.1573603914,0.0659260123,0.1164495982,0.0939599728,-0.0779323956,-0.0191055310,-0.0431706310,0.0253528213,-0.0015411719,0.0369819220,0.0269507544,0.0004742350,-0.0004742350,0.0001504878,0.0001485915,0.0007038080,0.0008154538
ag14,ag14.dat,selig,ag14_cst.dat,6,0.9994868482,0.1207707979,0.1541058178,0.0751710785,0.1469335082,0.0726576366,0.1086470566,0.0979540204,-0.0738489684,0.0004454852,-0.0428995852,0.0500213761,-0.0107652272,0.0460939059,0.0301990629,0.0004782454,-0.0004782454,0.0001527780,0.0001721355,0.0007009658,0.0009428512
ag16,ag16.dat,selig,ag16_cst.dat,6,0.9995136679,0.1247648689,0.1757738737,0.0837096780,0.1800433127,0.0751383974,0.1350863908,0.0986766389,-0.0865581253,-0.0664609596,-0.0354087414,-0.0223178086,0.0054285740,0.0169363627,0.0305263880,0.0004647255,-0.0004647255,0.0001546355,0.0001042360,0.0007144961,0.0007787274
ag17,ag17.dat,selig,ag17_cst.dat,6,0.9995048387,0.1248953439,0.1689021828,0.0803930455,0.1733666372,0.0780947625,0.1278251058,0.0995335997,-0.0803202617,-0.0410825922,-0.0385893037,0.0061773097,0.0022753956,0.0301046869,0.0309486147,0.0004697316,-0.0004697316,0.0001484807,0.0001127536,0.0007068111,0.0007839207
ag18,ag18.dat,selig,ag18_cst.dat,6,0.9994980128,0.1250090868,0.1620931038,0.0769750124,0.1667747548,0.0810161312,0.1205481833,0.1004334625,-0.0744504336,-0.0152963640,-0.0422385482,0.0351482655,-0.0011945541,0.0434731405,0.0313135977,0.0004742366,-0.0004742366,0.0001432393,0.0001278997,0.0006974555,0.0007882800
ag19,ag19.dat,selig,ag19_cst.dat,6,0.9994940200,0.1250622191,0.1573913901,0.0744778878,0.1622561167,0.0829934560,0.1154786985,0.1010517600,-0.0701460286,-0.0000579818,-0.0324149641,0.0400977500,0.0078365963,0.0471150615,0.0334551791,0.0004772399,-0.0004772399,0.0001401594,0.0001435831,0.0006892711,0.0007904643
ag23,ag23.dat,selig,ag23_cst.dat,6,0.9993625978,0.1319535265,0.2235944793,0.0952575747,0.2428660846,0.0996812662,0.2001551495,0.1242341422,-0.1013054597,-0.0591031748,-0.0902089660,-0.0059711434,-0.0588689258,0.0025424750,0.0515106926,0.0004945445,-0.0004945445,0.0002032216,0.0002736960,0.0007284453,0.0015082098
ag24,ag24.dat,selig,ag24_cst.dat,6,0.9993532467,0.1294028500,0.2161608787,0.0904260193,0.2342707737,0.0927757481,0.1892541695,0.1215808179,-0.0984692734,-0.0540563988,-0.0809005932,0.0009499349,-0.0459455450,0.0134949208,0.0496270138,0.0004858141,-0.0004858141,0.0001980768,0.0002696265,0.0007115458,0.0015045383
ag25,ag25.dat,selig,ag25_cst.dat,6,0.9995525011,0.1333800951,0.2028021835,0.0943839066,0.2164767379,0.0978336330,0.1734349607,0.1238022081,-0.0829209746,-0.0433243701,-0.0518359798,0.0056529930,-0.0142569811,0.0249443394,0.0543931975,0.0004817156,-0.0004817156,0.0001728614,0.0001227573,0.0007063001,0.0007908674
ag26,ag26.dat,selig,ag26_cst.dat,6,0.9995211743,0.1347293138,0.1886893779,0.0943306992,0.2062325449,0.0936734463,0.1599806577,0.1187716241,-0.0792793447,-0.0200740137,-0.0497421271,0.0336755637,-0.0079038375,0.0423215847,0.0466871531,0.0004997393,-0.0004997393,0.0001625192,0.0001374493,0.0007244686,0.0008272673
ag27,ag27.dat,selig,ag27_cst.dat,6,0.9995415800,0.1310904872,0.1779111436,0.0882634039,0.1984402299,0.0842195227,0.1531841546,0.1111946321,-0.0803363017,0.0046269301,-0.0517129724,0.0685830059,-0.0074491277,0.0596533159,0.0364734952,0.0005177372,-0.0005177372,0.0002113574,0.0002268170,0.0007623757,0.0012697480
ag52,ag52.dat,selig,ag52_cst.dat,6,0.9994625150,0.1290703827,0.1913930965,0.1014768962,0.1994650794,0.1144188184,0.1473301794,0.1530923255,-0.0996352030,-0.0639911119,-0.0730811814,-0.0409422764,-0.0542255493,-0.0257871992,-0.0292716947,0.0001981064,-0.0001981064,0.0001866951,0.0002318664,0.0005393097,0.0015559257
ag53,ag53.dat,selig,ag53_cst.dat,6,0.9994531836,0.1278927159,0.1908218016,0.0971076727,0.1973449894,0.1070456786,0.1425922893,0.1440800961,-0.0970633256,-0.0575805014,-0.0706267387,-0.0328475878,-0.0505087736,-0.0198480531,-0.0240352539,0.0002481356,-0.0002481356,0.0001889318,0.0002359263,0.0005560685,0.0015514986
ag54,ag54.dat,selig,ag54_cst.dat,6,0.9994361602,0.1259027197,0.1891507629,0.0892410163,0.1920594513,0.0928594596,0.1326966327,0.1259397671,-0.0916931598,-0.0447915546,-0.0649596240,-0.0172738770,-0.0418606180,-0.0086470812,-0.0129689321,0.0003471957,-0.0003471957,0.0001877258,0.0002371537,0.0005677066,0.0015382824
ah21-7,ah21-7.dat,selig,ah21-7_cst.dat,6,1.0000000000,0.1546807731,0.1480207270,0.1718438191,0.1731034506,0.1991964619,0.2286463837,0.2906274591,-0.0963316600,-0.0609499095,-0.0703736488,-0.0688181131,-0.0175616659,-0.0873089799,0.0565344620,0.0000000000,0.0000000000,0.0000333019,0.0001029659,0.0000946128,0.0002355202
ah21-9,ah21-9.dat,selig,ah21-9_cst.dat,6,1.0000000000,0.1206153177,0.1154226601,0.1339969428,0.1349831186,0.1553250357,0.1782931473,0.2266215396,-0.0751168052,-0.0475258886,-0.0548773390,-0.0536587421,-0.0136979431,-0.0680778324,0.0440826439,0.0000000000,0.0000000000,0.0000259666,0.0000802901,0.0000737424,0.0001836404
ah63k127,ah63k127.dat,selig,ah63k127_cst.dat,6,0.9989300001,0.1551049912,0.2263076765,0.3132638393,0.1080189211,0.6518782779,-0.0821077278,0.3503409955,-0.0877913191,-0.0482109292,-0.1044886839,-0.0051466560,-0.1444805286,-0.0527928362,0.1009927697,-0.0002252491,-0.0002252491,0.0007148861,0.0002640034,0.0019837660,0.0012858409
ah79k132,ah79k132.dat,selig,ah79k132_cst.dat,6,0.9989300005,0.1563583345,0.2806166749,0.3039986747,0.0740347352,0.7136592117,-0.1316125356,0.3364392604,-0.1132908439,-0.0344911976,-0.1035178568,-0.0680255082,-0.0497223509,-0.2177770546,0.0863083925,-0.0000775991,-0.0000775991,0.0006151935,0.0002325013,0.0015880472,0.0008768832
ah79k135,ah79k135.dat,selig,ah79k135_cst.dat,6,0.9989300005,0.1531840264,0.2633385579,0.2926906544,0.0710307933,0.6721534625,-0.1100706123,0.3090700855,-0.1085499499,-0.0715221321,-0.1168972099,-0.0850409535,-0.0859404751,-0.2065926764,0.0585660213,-0.0000825723,-0.0000825723,0.0005647011,0.0002590697,0.0013556443,0.0015084336
ah79k143,ah79k143.dat,selig,ah79k143_cst.dat,6,0.9989300021,0.1631382148,0.1982418818,0.4444868595,-0.1541513707,0.9369072667,-0.2690467208,0.3748571364,-0.1259714133,-0.0802438812,-0.1076669023,-0.1603318719,-0.0079464080,-0.3711342886,0.1170281088,-0.0001902384,-0.0001902384,0.0008355918,0.0003866154,0.0021713155,0.0017003435
ah81k144,ah81k144.dat,selig,ah81k144_cst.dat,6,0.9989301071,0.1612374901,0.2907174224,0.2916822777,0.2154350562,0.6299068292,0.0026853112,0.2917707151,-0.1210465950,-0.0519634705,-0.1431976010,0.0183229104,-0.1663013885,-0.0768408444,0.0359188813,-0.0000648216,-0.0000648216,0.0004073166,0.0004040897,0.0009748091,0.0014119682
ah85l120,ah85l120.dat,selig,ah85l120_cst.dat,6,0.9989300000,0.1144320069,0.1278908125,0.1984974051,0.0662774639,0.3097512216,0.1525869522,0.0891848556,-0.1144320069,-0.1278908125,-0.1984974051,-0.0662774639,-0.3097512216,-0.1525869522,-0.0891848556,0.0000000000,0.0000000000,0.0003854905,0.0003854905,0.0008959670,0.0008959670
ah88k130,ah88k130.dat,selig,ah88k130_cst.dat,6,0.9989300385,0.1468391142,0.2448177862,0.2740560049,0.1912801397,0.5130313606,0.1991751910,0.2925599271,-0.0845993251,-0.0304443939,-0.1299348023,0.0096430031,-0.1386758884,-0.0953265051,0.1640620498,-0.0002050708,-0.0002050708,0.0004347869,0.0003049266,0.0009791380,0.0010511661
ah88k136,ah88k136.dat,selig,ah88k136_cst.dat,6,0.9989667877,0.1633256128,0.1988217946,0.4747356032,-0.2684172175,1.0653918059,-0.3026026300,0.2718006782,-0.1142179011,-0.0653034408,-0.0648897348,-0.1881145380,0.0239416385,-0.2944114267,-0.1302989091,-0.0000398357,-0.0000398357,0.0010924831,0.0002602129,0.0037005694,0.0007619431
ah93k130,ah93k130.dat,selig,ah93k130_cst.dat,6,0.9996800251,0.1686053400,0.2190409539,0.3785959917,-0.0040588671,0.6911339100,0.0610494939,0.0570856708,-0.1142208898,-0.0180078373,-0.1445032088,0.0091891268,-0.1709360104,-0.0508944175,-0.2458453991,0.0003601152,-0.0003601152,0.0007465282,0.0002834924,0.0017109969,0.0010163307
ah93k131,ah93k131.dat,selig,ah93k131_cst.dat,6,0.9997175473,0.1683351035,0.2398603131,0.3367574970,0.0661611568,0.6327814348,0.0576462422,0.0514616399,-0.1130360238,-0.0194850741,-0.1416069030,0.0060619579,-0.1678552752,-0.0526766911,-0.2447698428,0.0003450975,-0.0003450975,0.0006820461,0.0002683938,0.0023313604,0.0009284334
ah93k132,ah93k132.dat,selig,ah93k132_cst.dat,6,0.9993685298,0.1629270336,0.2252818828,0.3749356229,-0.0187346811,0.7115205853,0.0607674684,0.0437249903,-0.1077856400,-0.0496155286,-0.1148669253,-0.0466250277,-0.1117452960,-0.1293243087,-0.1796144722,0.0004252683,-0.0004252683,0.0009027111,0.0006531910,0.0020621307,0.0034168741
as5045,as5045.dat,selig,as5045_cst.dat,6,0.9986616820,0.1853140908,0.2492099699,0.1493560364,0.2856187023,0.2965291069,0.0021527538,0.2509108851,-0.1242458691,-0.1793686568,-0.1132936216,-0.2708916643,-0.1568624775,-0.0310549891,0.0385659251,0.0006908135,-0.0018125367,0.0002924189,0.0007101495,0.0007073380,0.0032540836
as5046,as5046.dat,selig,as5046_cst.dat,6,0.9986718459,0.1931611098,0.2716474348,0.1501098021,0.2974201532,0.3206686919,0.0039847773,0.3184308204,-0.1376480165,-0.1856006030,-0.1317435196,-0.2822055294,-0.1782274274,-0.0520347572,-0.0126575677,0.0006746206,-0.0020089431,0.0002487123,0.0010329450,0.0005189712,0.0053063183
as5048,as5048.dat,selig,as5048_cst.dat,6,0.9997700153,0.2164396225,0.2864070836,0.2015832476,0.2896157114,0.4217333310,-0.0160538636,0.4523814900,-0.1332813208,-0.2268594651,-0.1044896840,-0.3602718955,-0.1648349341,-0.1072758492,-0.0972304961,0.0014953439,-0.0014953439,0.0004330005,0.0008381654,0.0022104926,0.0026274739
as6091,as6091.dat,selig,as6091_cst.dat,6,0.9992373707,0.1276182141,0.1719501147,0.1258195409,0.1955210889,0.1307452846,0.1817694062,0.1746783791,-0.0816342850,0.0737663960,0.1749387596,0.1353513557,0.1615895103,0.1705699361,0.1571929678,0.0000000000,-0.0000000000,0.0003651193,0.0006904370,0.0019553776,0.0025404893
as6092,as6092.dat,selig,as6092_cst.dat,6,0.9992158320,0.1328152984,0.1842086938,0.1253195253,0.2114873178,0.1309498186,0.1816564602,0.1723199789,-0.0888390316,-0.0036079583,0.2245885656,0.0481904619,0.2394564163,0.1418222794,0.1645011523,-0.0000000000,0.0000000000,0.0003568060,0.0005588960,0.0019604724,0.0019604724
as6093,as6093.dat,selig,as6093_cst.dat,6,0.9992294650,0.1383611138,0.1872118894,0.1397354157,0.2110853237,0.1356355401,0.1752929103,0.1723008618,-0.0901567995,-0.0931120308,0.2958055997,-0.0532788875,0.3151398264,0.1059447605,0.1729813249,-0.0000000000,0.0000000000,0.0003385672,0.0004774075,0.0019082522,0.0019082522
as6094,as6094.dat,selig,as6094_cst.dat,6,0.9993278139,0.1691255104,0.2188516074,0.1815103117,0.2530368549,0.2036229304,0.2796709981,0.2524920929,-0.0752371799,0.1907797366,0.1433100066,0.2706561711,0.2074605509,0.2680195394,0.2247254596,0.0000000000,-0.0000000000,0.0003835508,0.0008319534,0.0021571937,0.0028139742
as6095,as6095.dat,selig,as6095_cst.dat,6,0.9992588270,0.1808267066,0.2376160222,0.1877145404,0.2637346955,0.2097965891,0.2713047840,0.2521974376,-0.0846956825,0.1340668973,0.1778460679,0.2106176591,0.2685458025,0.2478937160,0.2313941433,0.0000000000,-0.0000000000,0.0004066715,0.0007837559,0.0022902431,0.0024775252
bacnlf,bacnlf.dat,selig,bacnlf_cst.dat,6,0.9994417250,0.0974325961,0.1319351849,0.1095403473,0.1894082480,0.1349033203,0.2549548774,0.2214998600,-0.0862240126,-0.1120793261,-0.0852529219,-0.1837045796,-0.1038020377,-0.0386322131,-0.0124298598,0.0000000000,-0.0023586419,0.0001535577,0.0002222529,0.0007672836,0.0009971180
clarky,clarky.dat,lednicer,clarky_cst.dat,6,0.9991253359,0.1814046165,0.3120493583,0.1403673074,0.3399715518,0.1846096464,0.2710186022,0.2335530082,-0.1583914601,-0.0049798582,-0.1636211250,0.0761034681,-0.1451863645,0.0163419101,-0.0560220097,0.0005998244,-0.0005998244,0.0005099399,0.0006234755,0.0024902421,0.0033868108
clarkyh,clarkyh.dat,lednicer,clarkyh_cst.dat,6,1.0002101029,0.1709526843,0.2685722309,0.1619483716,0.2853723223,0.1316286997,0.2341663618,0.0914446592,-0.1464957616,-0.0953012588,-0.1009176582,-0.0073271049,-0.1736060927,-0.0594644450,-0.1726013269,0.0004997900,-0.0004997900,0.0004750130,0.0003592541,0.0011315689,0.0008253156
clarkz,clarkz.dat,lednicer,clarkz_cst.dat,6,1.0000001800,0.2194996243,0.2871248023,0.2151785275,0.3019928732,0.2263840471,0.2708528771,0.2485063241,-0.1618262752,0.0457499054,-0.1766869351,0.1057842157,-0.1442210529,0.0299651640,-0.0477996346,0.0005999998,-0.0005999998,0.0002850577,0.0002783463,0.0008386009,0.0007101602
e168,e168.dat,selig,e168_cst.dat,6,1.0000000000,0.1479965766,0.2294379191,0.0958880443,0.2004778844,0.0739821169,0.1050621746,0.0873616673,-0.1479965766,-0.2294379191,-0.0958880443,-0.2004778844,-0.0739821169,-0.1050621746,-0.0873616673,0.0000000000,0.0000000000,0.0001770267,0.0001770267,0.0006492819,0.0006492819
e169,e169.dat,selig,e169_cst.dat,6,1.0000000000,0.1644040315,0.2567368538,0.1331868374,0.2115811103,0.0908898913,0.1153539150,0.0903076561,-0.1644040315,-0.2567368538,-0.1331868374,-0.2115811103,-0.0908898913,-0.1153539150,-0.0903076561,0.0000000000,0.0000000000,0.0002070591,0.0002070591,0.0007225684,0.0007225684
e171,e171.dat,selig,e171_cst.dat,6,1.0000000000,0.1226500040,0.1972772879,0.0875888003,0.2757724163,0.0557767955,0.1426261082,0.0902211976,-0.1226500040,-0.1972772879,-0.0875888003,-0.2757724163,-0.0557767955,-0.1426261082,-0.0902211976,0.0000000000,0.0000000000,0.0001699912,0.0001699912,0.0006052395,0.0006052395
e174,e174.dat,selig,e174_cst.dat,6,0.9994002570,0.1372283687,0.2587814061,0.1210094799,0.3673467653,0.0738085119,0.2390766145,0.1320690662,-0.0902877976,0.0022935171,-0.0658659912,0.0452948490,-0.0227595130,0.0298558219,0.0521389428,0.0000000000,0.0000000000,0.0003897061,0.0005091516,0.0017242810,0.0020446616
e176,e176.dat,selig,e176_cst.dat,6,0.9993368350,0.1429687283,0.2301374600,0.1351695353,0.3258703635,0.0795587226,0.2100684978,0.0963429986,-0.0807596124,-0.0248781750,-0.0456969324,0.0016172193,-0.0173093118,0.0046953242,0.0181784490,-0.0000000000,-0.0000000000,0.0003133238,0.0003189929,0.0016314086,0.0016314086
e193,e193.dat,selig,e193_cst.dat,6,0.9993966673,0.1507552003,0.2598576806,0.1456341388,0.3664011172,0.0955866681,0.2507640507,0.1723074021,-0.0980906846,-0.0397231157,-0.0597448064,-0.0116497354,-0.0209895811,-0.0119301997,0.0077992552,0.0000000000,0.0000000000,0.0003809283,0.0004207802,0.0018844577,0.0018844577
e197,e197.dat,selig,e197_cst.dat,6,1.0000000264,0.1560003829,0.2997849325,0.1278662580,0.4452119172,0.0677430861,0.2844524386,0.1562689298,-0.1235963820,-0.1218370652,-0.0982705520,-0.1298493353,-0.0162985554,-0.0922139160,-0.0128020971,0.0000000000,0.0000000000,0.0003015116,0.0000995113,0.0012273897,0.0001882268
e201,e201.dat,selig,e201_cst.dat,6,0.9993036326,0.1644100421,0.2565514058,0.1728244128,0.3545423063,0.1234657921,0.2529934437,0.2003172530,-0.1063408552,-0.0909452210,-0.0734765103,-0.0854685844,0.0014152891,-0.0543577702,0.0283919293,0.0000000000,0.0000000000,0.0003839467,0.0003930801,0.0020552179,0.0020552179
e205,e205.dat,selig,e205_cst.dat,6,0.9999801513,0.1466047134,0.2698443512,0.1366660875,0.3387180971,0.0551095085,0.2344739118,0.1292228919,-0.1047525958,-0.0520340293,-0.0716940108,-0.0352866732,-0.0453036395,-0.0390595225,-0.0540526541,-0.0000000000,-0.0000000000,0.0003566583,0.0001588576,0.0014010338,0.0006172464
e207,e207.dat,selig,e207_cst.dat,6,1.0000000113,0.1577404117,0.2694824694,0.1570585146,0.3329561460,0.0768370398,0.2388534611,0.1543461815,-0.1112878633,-0.1035430573,-0.0776963031,-0.1169333257,-0.0165789647,-0.0850504124,-0.0314042946,0.0000000000,0.0000000000,0.0003028839,0.0000903466,0.0011179289,0.0002373246
e210,e210.dat,selig,e210_cst.dat,6,0.9992874695,0.1804556916,0.3274249106,0.2027469958,0.3864748677,0.1680257053,0.3041098561,0.3434198089,-0.1351930689,-0.0588178423,-0.1299119860,-0.0509900393,0.0117803988,-0.0191857525,0.1293908673,0.0000000000,0.0000000000,0.0005858466,0.0005725400,0.0026893455,0.0026893455
e212,e212.dat,selig,e212_cst.dat,6,0.9993800139,0.1517528989,0.2342140921,0.1513353499,0.2419617832,0.2088979591,0.1960706203,0.3183832374,-0.1166109532,-0.1044610138,-0.0600357077,-0.0778511510,0.0268102328,-0.0370818416,0.1813443640,0.0000000000,0.0000000000,0.0004160362,0.0004498460,0.0020745695,0.0020745695
e214,e214.dat,selig,e214_cst.dat,6,0.9999503698,0.1702499699,0.2741342570,0.1844160694,0.3223858133,0.2152983316,0.2740057122,0.3499433852,-0.0903811713,-0.0600525198,-0.0210634575,-0.1083458629,0.0900592186,-0.0154529620,0.1796251118,-0.0000000000,-0.0000000000,0.0002316362,0.0000634479,0.0007129621,0.0001391233
e216,e216.dat,selig,e216_cst.dat,6,0.9994333794,0.1735288969,0.2835662599,0.2008129292,0.2825918637,0.3191495765,0.2301284477,0.5022478205,-0.1058161056,-0.0356445434,-0.0351475567,0.0095076183,0.0995254452,0.0330932601,0.3445868398,-0.0000000000,-0.0000000000,0.0004669936,0.0005260195,0.0020777660,0.0020777660
e220,e220.dat,selig,e220_cst.dat,6,0.9993400648,0.1472836305,0.2697972361,0.0886740765,0.4037545614,0.0770014549,0.2017876285,0.0424601923,-0.1055193758,-0.0860412975,-0.0845097825,-0.0841294644,-0.0842137302,-0.0852080221,-0.1596098189,-0.0000000000,-0.0000000000,0.0003963825,0.0004099769,0.0020815212,0.0020815212
e221,e221.dat,selig,e221_cst.dat,6,0.9993367291,0.1471098136,0.2159850277,0.1210376534,0.2291286504,0.0802228004,0.1406665060,0.0553042851,-0.0930366578,-0.0800454351,-0.0617193787,-0.0783103782,-0.0576214473,-0.0697476533,-0.1116917172,-0.0000000000,-0.0000000000,0.0004127416,0.0003583830,0.0018978676,0.0018978676
e224,e224.dat,selig,e224_cst.dat,6,0.9993102915,0.1335962490,0.2201768408,0.1054536479,0.2485359279,0.1173084258,0.1971973684,0.1595414128,-0.1152299782,-0.1086754731,-0.0818755408,-0.0940786455,-0.0392986656,-0.0748098257,0.0294384610,-0.0000000000,-0.0000000000,0.0004037381,0.0003774686,0.0020051358,0.0020051358
e228,e228.dat,selig,e228_cst.dat,6,1.0000000220,0.1216444774,0.1873518711,0.0698724667,0.2168263598,0.0405897196,0.1672791047,0.0143241009,-0.1166956123,-0.1608038053,-0.0796871570,-0.1610455068,-0.0835525200,-0.1184298754,-0.1117121359,0.0000000000,0.0000000000,0.0002028742,0.0001242164,0.0008484570,0.0003568950
e230,e230.dat,selig,e230_cst.dat,6,0.9993434121,0.1257616879,0.1464932803,0.0902546425,0.1518182152,0.0383478652,0.1278013018,-0.0522244965,-0.1212916609,-0.1765779008,-0.0961263281,-0.1723047416,-0.1245623531,-0.1283601930,-0.1892287855,-0.0000000000,-0.0000000000,0.0004307490,0.0003795396,0.0019545345,0.0019545345
e231,e231.dat,selig,e231_cst.dat,6,0.9997381211,0.1700694970,0.2475404224,0.1746677801,0.2620497490,0.2664212411,0.2648725081,0.1297475611,-0.0813473192,-0.1120341924,-0.0457689067,-0.1755832248,0.0001749690,-0.2596865572,-0.0239213325,0.0000000000,0.0000000000,0.0002983491,0.0001036070,0.0012524125,0.0002911367
e374,e374.dat,selig,e374_cst.dat,6,0.9993135951,0.1283571811,0.2414864012,0.1073620353,0.3441030511,0.0936852581,0.2088233932,0.1521197847,-0.1075074950,-0.0738132323,-0.1064102134,-0.0471272427,-0.1234545704,-0.0730436853,-0.0856989295,0.0000000000,0.0000000000,0.0003947215,0.0003718900,0.0019350568,0.0019350568
e376,e376.dat,lednicer,e376_cst.dat,6,0.9994811967,0.1545708953,0.3026526040,0.1623398951,0.3584154088,0.0633412922,0.2520061518,0.0995273695,-0.0478647990,0.4465494075,0.0451185493,0.3938402187,0.0365901333,0.2714422443,0.0520072363,-0.0000000000,-0.0000000000,0.0005177333,0.0008028886,0.0018684230,0.0027769005
e377,e377.dat,lednicer,e377_cst.dat,6,0.9994804296,0.1673331476,0.3008560012,0.1817845360,0.3498173116,0.0827914903,0.2516076161,0.1142279153,-0.0682455450,0.2922026774,0.1179109560,0.3999522487,0.0304754570,0.3137969392,0.0460261767,-0.0000000000,-0.0000000000,0.0004916640,0.0006079234,0.0019480674,0.0019480674
e387,e387.dat,selig,e387_cst.dat,6,0.9994035175,0.1390334063,0.2586023180,0.1263400886,0.3641633933,0.0748100678,0.2390228029,0.1338004185,-0.0907791534,-0.0022369682,-0.0652886694,0.0395950724,-0.0246089417,0.0265170494,0.0447043727,-0.0000000000,-0.0000000000,0.0003883035,0.0004818392,0.0017342724,0.0018592577
e423,e423.dat,selig,e423_cst.dat,6,0.9991824972,0.3280783908,0.3789951647,0.4204687538,0.4671504236,0.4235503462,0.3569623999,0.5968701803,-0.1190523748,0.0814864665,0.0779570308,0.1845264286,0.1366343344,0.1971951677,0.2450091923,0.0000000000,0.0000000000,0.0011711091,0.0005165865,0.0064197071,0.0011595338
e431,e431.dat,lednicer,e431_cst.dat,6,0.9994509465,0.2240479938,0.3126102304,0.2674402424,0.3553524690,0.3754561313,0.2677723647,0.3565621310,-0.0900753318,-0.0788861472,-0.0904463587,-0.0517089072,-0.1720827941,-0.0450466007,0.1547738100,-0.0000000000,-0.0000000000,0.0007532367,0.0002994153,0.0035405166,0.0014183268
fx60100,fx60100.dat,lednicer,fx60100_cst.dat,6,0.9989303532,0.1789868720,0.2012061714,0.2105216645,0.1942097381,0.2289905262,0.2141897632,0.2036302065,-0.0858473803,-0.0823106979,-0.0617828718,-0.0400508672,0.0655226230,0.0569198327,0.1594574866,-0.0000946513,-0.0000946513,0.0001925620,0.0002032691,0.0009364512,0.0009476829
fx60126,fx60126.dat,lednicer,fx60126_cst.dat,6,0.9989303532,0.2134459426,0.2380714360,0.2458869571,0.2247620644,0.2500413325,0.2348099174,0.2092859353,-0.1202212681,-0.1192890451,-0.0969667347,-0.0708400989,0.0446392735,0.0362018096,0.1538315176,-0.0000946513,-0.0000946513,0.0002163136,0.0002274212,0.0009364512,0.0011594712
fx61140,fx61140.dat,lednicer,fx61140_cst.dat,6,0.9989301487,0.1704064926,0.2799380092,0.2616441216,0.1902061952,0.3015583698,0.1129891377,0.3620606827,-0.0903691970,-0.1377733593,-0.0802889491,-0.1815892400,-0.1083427953,-0.0180698380,0.2633692790,-0.0002199434,-0.0002199434,0.0003418237,0.0003358059,0.0007800265,0.0007661114
fx62k131,fx62k131.dat,lednicer,fx62k131_cst.dat,6,0.9989302131,0.1631490366,0.2559008540,0.2794388191,0.1905799034,0.4908395294,0.1568259118,0.4068070094,-0.0739822523,-0.0705080839,-0.0841318470,-0.0733140053,-0.0740414852,-0.0783459003,0.3850396248,-0.0002399071,-0.0002399071,0.0003233797,0.0003534953,0.0008938055,0.0010064274
fx63110,fx63110.dat,lednicer,fx63110_cst.dat,6,1.0000000000,0.2218217470,0.2046735465,0.3164281462,0.1426198725,0.3959333602,0.1209600197,0.3512448250,-0.0992476453,-0.0271676304,-0.1000221134,0.0269319989,0.0099788052,0.0920327747,0.2535704484,0.0000000000,0.0000000000,0.0002173492,0.0002980410,0.0006884273,0.0005967553
fx63137,fx63137.dat,lednicer,fx63137_cst.dat,6,0.9989309326,0.2727736289,0.2684679780,0.3972453705,0.1833389486,0.5310009340,0.1397623401,0.4947471106,-0.1206289453,-0.0225078917,-0.1033959410,-0.0147127121,0.1179207793,0.0621463721,0.3876224949,-0.0003045943,-0.0003045943,0.0003970109,0.0003756660,0.0016725175,0.0016725175
fx63158,fx63158.dat,lednicer,fx63158_cst.dat,6,0.9989458010,0.2359329837,0.2720784648,0.3748929839,0.2323573566,0.3673776280,0.1503672514,0.4345072189,-0.0844729997,-0.1308760968,-0.0631642483,-0.1770585200,-0.1230769191,0.0287124206,0.2849796012,-0.0002846097,-0.0002846097,0.0005240628,0.0005869241,0.0015522810,0.0016336272
fx66s196,fx66s196.dat,lednicer,fx66s196_cst.dat,6,0.9989303183,0.1935394532,0.3838186173,0.2113883629,0.6301326651,0.1515820125,0.3589962094,0.2279794236,-0.1332921199,-0.1777753924,-0.0668355498,-0.3896440938,0.0857817639,-0.1414840237,0.0995619143,0.0000404704,0.0000404704,0.0003469705,0.0003685681,0.0012174841,0.0012361678
fx67k170,fx67k170.dat,lednicer,fx67k170_cst.dat,6,0.9989305106,0.1972121922,0.3402597793,0.3175179849,0.3288983922,0.6238068162,0.1313415488,0.2582878111,-0.0971639304,-0.0616190496,-0.1618754766,0.0192685208,-0.2225652553,-0.0404941527,0.0588994474,-0.0000795441,-0.0000795441,0.0002794637,0.0002813176,0.0010917079,0.0010917079
fx68h120,fx68h120.dat,selig,fx68h120_cst.dat,6,0.9989300072,0.1586002327,0.4250186827,-0.1049132638,0.5125191797,-0.0141781083,0.3755050547,-0.0201132744,-0.1213294681,-0.1531908781,0.0147013155,-0.1910330915,-0.0011349258,-0.1163387204,-0.1246711416,0.0000601286,0.0000601286,0.0007697174,0.0002733806,0.0020731888,0.0006338616
fx69h083,fx69h083.dat,lednicer,fx69h083_cst.dat,6,1.0000001012,0.1165613210,0.2084299830,0.1300797628,0.2308476100,0.1194887096,0.2092883248,0.0573153369,-0.0659739145,-0.0295924213,-0.0446814353,-0.0557798915,-0.0339730680,-0.0810520577,-0.0806800631,0.0009499998,-0.0009499998,0.0002399135,0.0000993966,0.0006145408,0.0002123587
fx71l150,fx71l150.dat,lednicer,fx71l150_cst.dat,6,0.9989300000,0.1973032731,0.1532027723,0.2430173997,0.1764975999,0.2333497891,0.0191469958,0.1203575123,-0.1973032731,-0.1532027723,-0.2430173997,-0.1764975999,-0.2333497891,-0.0191469958,-0.1203575123,0.0000000000,0.0000000000,0.0007768306,0.0007768306,0.0035783370,0.0035783370
fx73cl2152,fx73cl2152.dat,selig,fx73cl2152_cst.dat,6,0.9989300231,0.2953625048,0.3588682312,0.4919316439,0.0930964245,0.5640091992,0.0965794070,0.6425804744,-0.1982885548,0.0043286022,-0.1071971855,0.1013537790,0.0844840061,0.0975473174,0.4010313264,-0.0004731214,-0.0004731214,0.0005631358,0.0006657838,0.0016032414,0.0026703073
fx74cl5140,fx74cl5140.dat,selig,fx74cl5140_cst.dat,6,0.9989305598,0.2690547387,0.4743800486,0.4532965310,0.4608594437,0.3412387716,0.3482664223,0.5175699095,-0.0860508354,0.1613937681,-0.0746139731,0.2725107894,-0.0719098261,0.3463620742,0.3739397578,-0.0003673263,-0.0003673263,0.0007814809,0.0009267304,0.0017551198,0.0034092094
fx76mp160,fx76mp160.dat,selig,fx76mp160_cst.dat,6,0.9989300105,0.2628418365,0.3807106623,0.3564606536,0.2571061926,0.6499837416,0.2026105423,0.4317899433,-0.1896640773,-0.0202210616,-0.1651931713,0.1242108502,-0.2071143381,0.1151889335,0.1935865432,-0.0004278802,-0.0004278802,0.0005293630,0.0003622652,0.0013135417,0.0018708236
fx77w153,fx77w153.dat,lednicer,fx77w153_cst.dat,6,0.9983950733,0.2270142934,0.4296741059,0.2739174865,0.3099417510,0.0917986091,0.2775354258,0.1057376617,-0.1575319378,0.0134245815,-0.2223409398,0.0891875505,-0.2160583212,0.0033349405,-0.1901303197,0.0009064547,-0.0009064547,0.0004690589,0.0005206350,0.0012972658,0.0020935383
fx78k140,fx78k140.dat,selig,fx78k140_cst.dat,6,0.9989300761,0.1435062295,0.3117091443,0.2471051555,0.2771213950,0.5602222153,0.0964461881,0.1126197486,-0.0966215795,-0.0338889230,-0.1290367025,0.0332799117,-0.2014274494,-0.0113080198,-0.1498854517,0.0000177278,0.0000177278,0.0003977398,0.0002929655,0.0009502504,0.0009415440
goe222,goe222.dat,lednicer,goe222_cst.dat,6,1.0000000000,0.2623170049,0.5200249360,0.1934609298,0.6434922483,0.2498888168,0.5408649433,0.4209920930,-0.1451365191,-0.1240500107,-0.1648844886,0.0924702142,0.0302130906,0.0902290955,0.1685722642,0.0015000000,-0.0015000000,0.0004897056,0.0002643593,0.0010565399,0.0005798958
goe223,goe223.dat,lednicer,goe223_cst.dat,6,1.0000000000,0.2383080932,0.5251337905,0.1191713174,0.7091278711,0.0820392679,0.5635153474,0.2483409962,-0.1311452286,-0.0987530740,-0.2755796019,0.1033842953,-0.1081894429,0.1768161505,0.0757496933,0.0010000000,-0.0010000000,0.0009558822,0.0002480192,0.0018248311,0.0004353754
goe387,goe387.dat,lednicer,goe387_cst.dat,6,1.0000000000,0.2768988923,0.3884271255,0.2677073799,0.4087775512,0.2830127908,0.2959616219,0.2946418897,-0.1685332582,0.0287223004,-0.2059053343,0.1835889964,-0.2179612660,0.1138851788,-0.1014587303,0.0000000000,0.0000000000,0.0002302783,0.0005635101,0.0005567544,0.0015390037
goe398,goe398.dat,lednicer,goe398_cst.dat,6,1.0000000000,0.2993496764,0.2788675409,0.3942906206,0.1554266002,0.4603901924,0.1706357742,0.3417165213,-0.1164020911,-0.0609907135,-0.0431964244,-0.0446620395,-0.0257224687,0.0034654353,-0.0700645105,0.0000000000,0.0000000000,0.0005459501,0.0001940131,0.0014365350,0.0004231943
hs1404,hs1404.dat,selig,hs1404_cst.dat,6,0.9991292196,0.0921909909,0.1249338637,0.1427415982,0.0771613936,0.2318300583,0.1014693567,0.1738035309,-0.0552867564,0.0009198242,0.0965810831,-0.0399923692,0.1049623042,0.0255416646,0.0657678192,0.0015813704,-0.0015813704,0.0001675459,0.0002535035,0.0010923775,0.0013231792
hs1430,hs1430.dat,selig,hs1430_cst.dat,6,0.9991253427,0.4926402929,0.4732452176,0.3761443106,0.5003305698,0.4489069445,0.4641254030,0.6930944651,-0.4480787901,-0.2729365310,-0.3142988491,-0.2320448958,-0.3626224516,-0.2172895031,-0.4215751678,0.0202627160,-0.0202627160,0.0015359810,0.0016467040,0.0090555526,0.0089720717
hs1606,hs1606.dat,selig,hs1606_cst.dat,6,0.9991338698,0.1321653155,0.1832934835,0.2045922613,0.1100120385,0.3366362766,0.1435324659,0.2508195656,-0.0819258223,-0.0108355254,0.1425551424,-0.0714433427,0.1474378945,0.0296346390,0.0875108596,0.0023720335,-0.0023720335,0.0002755166,0.0003579997,0.0017037982,0.0019324950
hs1620,hs1620.dat,selig,hs1620_cst.dat,6,0.9991256590,0.3446277640,0.3870322723,0.2740933786,0.4294818361,0.3351384319,0.3934455239,0.5656133342,-0.2837153836,-0.1072476268,-0.1942960692,-0.0501536718,-0.2152082720,-0.0538375844,-0.1823908017,0.0135068006,-0.0135068006,0.0009535133,0.0011731294,0.0058829701,0.0061426861
hs1708,hs1708.dat,selig,hs1708_cst.dat,6,0.9991360076,0.1718615492,0.2221170768,0.2509111317,0.1347185917,0.4092280092,0.1733666651,0.3034033391,-0.1164817563,0.0124771237,0.0784838359,-0.0094936679,0.0861594590,0.0564769958,0.0767932872,0.0032427660,-0.0032427660,0.0003821162,0.0004860706,0.0024394953,0.0025772627
hs1712,hs1712.dat,selig,hs1712_cst.dat,6,0.9991273348,0.2247388399,0.3101625975,0.1896228872,0.3611223082,0.2331704861,0.3414566821,0.4416136494,-0.1510210238,0.0089634946,-0.0705161200,0.0359464880,-0.0345591564,0.0126852181,0.0572419507,0.0089577962,-0.0089577962,0.0005438115,0.0008240063,0.0032046341,0.0038360499
jx-gs-04,jx-gs-04.dat,selig,jx-gs-04_cst.dat,6,0.9993837094,0.1303689987,0.1632138949,0.0927275131,0.1427000734,0.0476380587,0.1084354989,0.0667940884,-0.0795157761,-0.0468046234,-0.0742848129,0.0095687608,-0.0782432159,-0.0064657513,-0.0457977615,0.0000000000,0.0000000000,0.0001577412,0.0002371141,0.0005337432,0.0015034948
jx-gs-06,jx-gs-06.dat,selig,jx-gs-06_cst.dat,6,0.9994023256,0.1266685216,0.1714347675,0.0766645396,0.1751270915,0.0460087804,0.1234021025,0.0826876381,-0.0762088987,-0.0509826038,-0.0820351022,0.0046617324,-0.0766772837,-0.0084789409,-0.0450862727,0.0000000000,0.0000000000,0.0001391925,0.0002089384,0.0005158965,0.0014002065
jx-gs-10,jx-gs-10.dat,selig,jx-gs-10_cst.dat,6,0.9996600516,0.1253632721,0.1666061750,0.0941657862,0.1703032616,0.0749126076,0.1215958248,0.0947136577,-0.0739377279,-0.0714906250,-0.0592648512,-0.0338245140,-0.0512845572,-0.0287277105,-0.0417683193,0.0000000000,0.0000000000,0.0001034492,0.0001159440,0.0004349476,0.0008505317
jx-gs-15,jx-gs-15.dat,selig,jx-gs-15_cst.dat,6,0.9995333624,0.1186478685,0.1782206146,0.0746803132,0.1950918719,0.0772284112,0.1526541289,0.1104968016,-0.0772138313,-0.0714916091,-0.0683074612,-0.0365834104,-0.0567417937,-0.0314752000,-0.0461813259,0.0000000000,0.0000000000,0.0001671232,0.0001607372,0.0006131833,0.0011052507
kc135winglet,kc135winglet.dat,selig,kc135winglet_cst.dat,6,0.9990150027,0.1657503866,0.1106421010,0.2142681608,0.0906275394,0.2865848769,0.1437490816,0.2457501142,-0.0660879997,-0.0098491202,-0.0975182231,0.0207132847,-0.0974211579,0.0638365892,0.2118806384,0.0023522817,-0.0023522817,0.0003238597,0.0005217695,0.0014507178,0.0022189200
l1003,l1003.dat,selig,l1003_cst.dat,6,1.0000000000,0.2240185104,0.4770865071,0.4533495359,0.4622238279,-0.2128904475,0.3949268393,-0.1188560196,-0.3865787058,0.3033415406,-0.5113376456,0.4333658921,-0.4037144326,0.1910551751,-0.0939008959,0.0000000000,0.0000000000,0.0019022741,0.0006234859,0.0041787989,0.0017148014
la5055,la5055.dat,selig,la5055_cst.dat,6,1.0000000000,0.2570403779,0.4207349868,0.1027969364,0.9467560714,-0.2848055352,0.4220430040,0.0347372954,-0.2547381567,0.1835383534,-0.4378000239,0.4097093484,-0.3841529546,0.1663992378,-0.0657603073,0.0000000000,0.0000000000,0.0008701837,0.0006304699,0.0017225574,0.0012221264
lrn1015,lrn1015.dat,selig,lrn1015_cst.dat,6,0.9983854941,0.2944312369,0.2305612086,0.4469717576,0.0721670016,0.7823999781,-0.0635433411,0.3830079859,-0.1035664053,-0.0181202796,-0.1894130940,0.0743827322,-0.2201227704,-0.0103338679,0.0605964627,-0.0001698498,-0.0001698498,0.0010474134,0.0007916319,0.0051981885,0.0037825057
mh114,mh114.dat,selig,mh114_cst.dat,6,0.9993561422,0.2516403113,0.3534096772,0.2991754096,0.3559468841,0.3915239285,0.3209343544,0.4270253829,-0.1089120985,0.0122631157,-0.0754132046,0.0836744960,0.0344810019,0.0834899648,0.2413184878,-0.0000000000,-0.0000000000,0.0004818122,0.0005769133,0.0022142794,0.0020438267
mh20,mh20.dat,selig,mh20_cst.dat,6,0.9995867972,0.1169082482,0.2429282108,0.0540708657,0.3216109994,0.0467860640,0.1729579804,0.0011220370,-0.0835709609,-0.0846302355,-0.0325114411,-0.0836653049,-0.0552486071,-0.0482623223,-0.1203975748,-0.0000000000,-0.0000000000,0.0002225320,0.0001677509,0.0006895301,0.0006344982
mh22,mh22.dat,selig,mh22_cst.dat,6,0.9995839796,0.1023577963,0.2082226765,0.0403497896,0.2638206762,0.0221339261,0.1282580265,0.0496789547,-0.0733125446,-0.0661279027,-0.0140006649,-0.0677730477,-0.0197750739,-0.0344026443,-0.0580494469,0.0000000000,0.0000000000,0.0001837182,0.0001798882,0.0005132771,0.0008012389
mh24,mh24.dat,selig,mh24_cst.dat,6,0.9994179836,0.1150804437,0.1911521438,0.0572557176,0.2925648381,-0.0034990977,0.3500302936,0.0972642311,-0.0816218867,-0.0885843118,-0.0488041150,-0.1533615623,0.0079925004,-0.2233148759,-0.0590766416,0.0000000000,0.0000000000,0.0001439328,0.0002565915,0.0004124827,0.0011745150
mh26,mh26.dat,selig,mh26_cst.dat,6,0.9994049872,0.1274458528,0.2253455489,0.0589991556,0.3749951979,-0.0233449015,0.4588716912,0.1621440220,-0.0904241038,-0.1086743419,-0.0609486867,-0.1881631583,-0.0024234715,-0.2663945333,-0.1141389098,-0.0000000000,-0.0000000000,0.0002001947,0.0003026894,0.0005420139,0.0013187156
mh27,mh27.dat,selig,mh27_cst.dat,6,0.9993951279,0.1324994415,0.2376317531,0.0641332045,0.3980614706,-0.0158567548,0.4854696082,0.2060563677,-0.0955035239,-0.1235931734,-0.0622557632,-0.2193470663,-0.0013129136,-0.3013219480,-0.1508506390,-0.0000000000,-0.0000000000,0.0002287746,0.0003303380,0.0006023948,0.0013884477
mh30,mh30.dat,selig,mh30_cst.dat,6,0.9996104928,0.1204785613,0.1871699369,0.0804746415,0.2192598320,0.0778485789,0.2098452125,0.0859297652,-0.0788927360,-0.0797063677,-0.0355385460,-0.0706027511,-0.0237603787,-0.0376469231,-0.0071515504,0.0000000000,0.0000000000,0.0002049184,0.0002145662,0.0006713393,0.0011440211
mh32,mh32.dat,selig,mh32_cst.dat,6,0.9994215429,0.1326830438,0.2268299821,0.0905519260,0.2692079338,0.0856341124,0.2478262898,0.1035474796,-0.0854943087,-0.0597760683,-0.0569739488,-0.0348508857,-0.0360613813,-0.0190459658,0.0087337132,-0.0000000000,-0.0000000000,0.0002399273,0.0002769176,0.0007023839,0.0012733390
mh33,mh33.dat,selig,mh33_cst.dat,6,0.9995342944,0.1132156596,0.1541950271,0.0677106611,0.1890812198,0.0481832058,0.1817306009,0.0998997568,-0.0785958211,-0.0918509271,-0.0247366755,-0.1210645554,0.0169102433,-0.1156754487,-0.0162395640,-0.0000000000,-0.0000000000,0.0002005689,0.0002042032,0.0009289652,0.0010318228
mh43,mh43.dat,selig,mh43_cst.dat,6,0.9996067125,0.1240305713,0.1994844470,0.0912961005,0.2392143465,0.0788685957,0.1431504055,0.0444970547,-0.0835073323,-0.0944641506,-0.0254382910,-0.0951519722,-0.0212183619,-0.0544263324,-0.0197563428,-0.0000000000,-0.0000000000,0.0002058837,0.0002326663,0.0007104045,0.0011981582
mh44,mh44.dat,selig,mh44_cst.dat,6,0.9994530062,0.1517127022,0.2033127777,0.1259977609,0.1935175103,0.1172074106,0.1639374186,0.0255848121,-0.0939496777,-0.1174041593,-0.0644637333,-0.0703877945,-0.0943729932,-0.0227311863,-0.1258475302,-0.0000000000,-0.0000000000,0.0004208330,0.0003201314,0.0022319192,0.0013639305
mh45,mh45.dat,selig,mh45_cst.dat,6,0.9994557460,0.1649089464,0.2133238708,0.1240618744,0.2144923787,0.1108900423,0.1208479171,-0.0100322623,-0.0951059567,-0.1169185334,-0.0564275618,-0.0779136660,-0.0659429125,-0.0348701086,-0.0811023344,0.0000000000,0.0000000000,0.0002406711,0.0002855265,0.0010157103,0.0011246920
mh60,mh60.dat,selig,mh60_cst.dat,6,0.9994408442,0.1571376979,0.2394218263,0.0962232036,0.2592976666,0.0893746072,0.1554396655,-0.0225910577,-0.0986973894,-0.1093530416,-0.0706535944,-0.0646807329,-0.0805797400,-0.0288603784,-0.0886596146,-0.0000000000,-0.0000000000,0.0003004506,0.0003627796,0.0013702764,0.0017088337
mh61,mh61.dat,selig,mh61_cst.dat,6,0.9995834132,0.1266787433,0.2319807822,0.0921992506,0.2694140204,0.0813136427,0.1606030779,-0.0475679788,-0.0897289406,-0.1346066304,-0.0643832766,-0.0970193268,-0.0832748810,-0.0469088612,-0.1160367716,0.0000000000,0.0000000000,0.0002329159,0.0001935346,0.0007697756,0.0006886268
mh70,mh70.dat,selig,mh70_cst.dat,6,0.9995962639,0.2136278595,0.2598241485,0.1805237357,0.2626203951,0.1925735123,0.1792967154,0.1163398022,-0.0935131901,-0.0772396481,-0.0577786218,-0.0490223115,-0.0278131999,-0.0462339196,0.0069051439,0.0000000000,0.0000000000,0.0005173326,0.0002401096,0.0026737365,0.0010223552
mh91,mh91.dat,selig,mh91_cst.dat,6,0.9996067316,0.2471097721,0.3106589246,0.1537874220,0.2774118589,0.1052005581,0.1765234318,0.0140629590,-0.1422035669,-0.1430814254,-0.1970461208,-0.1178347866,-0.1839749553,-0.1898042461,-0.0885221813,-0.0000000000,-0.0000000000,0.0004800837,0.0005631949,0.0021349793,0.0022924254
naca0008,naca0008.dat,selig,naca0008_cst.dat,6,1.0000000000,0.1147163754,0.1015542892,0.1120384258,0.0872906972,0.1022427842,0.0882744276,0.0957142744,-0.1147163754,-0.1015542892,-0.1120384258,-0.0872906972,-0.1022427842,-0.0882744276,-0.0957142744,0.0008400000,-0.0008400000,0.0000217922,0.0000217922,0.0000572580,0.0000572580
naca0010,naca0010.dat,selig,naca0010_cst.dat,6,1.0000000000,0.1433217714,0.1272508577,0.1393567688,0.1103458951,0.1265260777,0.1109999953,0.1196227805,-0.1433217714,-0.1272508577,-0.1393567688,-0.1103458951,-0.1265260777,-0.1109999953,-0.1196227805,0.0010500000,-0.0010500000,0.0000258714,0.0000258714,0.0000693878,0.0000693878
naca0015,naca0015.dat,selig,naca0015_cst.dat,6,1.0000000000,0.2150486190,0.1906564581,0.2095000979,0.1645051913,0.1909125282,0.1657322757,0.1795247786,-0.2150486190,-0.1906564581,-0.2095000979,-0.1645051913,-0.1909125282,-0.1657322757,-0.1795247786,0.0015800000,-0.0015800000,0.0000375378,0.0000375378,0.0000988651,0.0000988651
naca0018,naca0018.dat,selig,naca0018_cst.dat,6,1.0000000000,0.2581170742,0.2286757683,0.2514970123,0.1973976118,0.2291889873,0.1987301702,0.2156755969,-0.2581170742,-0.2286757683,-0.2514970123,-0.1973976118,-0.2291889873,-0.1987301702,-0.2156755969,0.0018900000,-0.0018900000,0.0000448191,0.0000448191,0.0001195471,0.0001195471
naca1408,naca1408.dat,selig,naca1408_cst.dat,6,1.0000000000,0.1220077886,0.1268454354,0.1383237380,0.1165978238,0.1282575945,0.1225229787,0.1287171796,-0.1078201295,-0.0762436115,-0.0855535519,-0.0582837086,-0.0759613511,-0.0540032347,-0.0632750439,0.0008400000,-0.0008400000,0.0000168243,0.0000349833,0.0000457496,0.0000746879
naca1410,naca1410.dat,selig,naca1410_cst.dat,6,1.0000000000,0.1521983160,0.1498734650,0.1700493521,0.1337971742,0.1580444097,0.1420678728,0.1538630690,-0.1347194247,-0.1072906453,-0.0945164396,-0.1214698693,-0.0575715722,-0.1029801877,-0.0774539850,0.0010500000,-0.0010500000,0.0000300738,0.0001638707,0.0000932155,0.0004754198
naca1412,naca1412.dat,selig,naca1412_cst.dat,6,1.0000000000,0.1828332384,0.1721353381,0.2025587861,0.1505300379,0.1877883497,0.1618917331,0.1787161595,-0.1620434096,-0.1319917972,-0.1342051330,-0.1104244694,-0.1202591817,-0.1014632750,-0.1094911373,0.0012600000,-0.0012600000,0.0000479666,0.0000247871,0.0001491450,0.0000410672
naca23012,naca23012.dat,selig,naca23012_cst.dat,6,0.9999550777,0.2150975789,0.2397002551,0.1253963515,0.2272585823,0.1274191766,0.1760826512,0.1561665055,-0.1471230738,-0.0234369278,-0.2774526180,0.0391472966,-0.2353806875,-0.0600867162,-0.1403802195,0.0012601458,-0.0012601458,0.0009923152,0.0006219147,0.0044536638,0.0031869530
naca23015,naca23015.dat,selig,naca23015_cst.dat,6,1.0000000000,0.2991015623,0.2242527431,0.2609192156,0.1676551052,0.2463498634,0.1711412861,0.2093300627,-0.1454865185,-0.1217125908,-0.2172548068,-0.0917587073,-0.1938897046,-0.1267432758,-0.1621489642,0.0016000000,-0.0016000000,0.0003296431,0.0001736001,0.0009493804,0.0005151435
naca2408,naca2408.dat,selig,naca2408_cst.dat,6,1.0000000000,0.1280380083,0.1557599669,0.1587621614,0.1522927561,0.1492127086,0.1598318327,0.1602079339,-0.1011510764,-0.0509319767,-0.0589110022,-0.0295561350,-0.0495707188,-0.0198561026,-0.0308381127,0.0008400000,-0.0008400000,0.0000777087,0.0000547588,0.0002463870,0.0001021230
naca2410,naca2410.dat,selig,naca2410_cst.dat,6,1.0000000000,0.1614271290,0.1723870120,0.2006634599,0.1580647635,0.1878552440,0.1747840704,0.1872675905,-0.1271332187,-0.0807478870,-0.0802865819,-0.0594031505,-0.0682374497,-0.0455054860,-0.0533543366,0.0010500000,-0.0010500000,0.0000392956,0.0000459240,0.0001211416,0.0000828491
naca2412,naca2412.dat,selig,naca2412_cst.dat,6,1.0000000000,0.1935330824,0.1922894860,0.2382192599,0.1656385493,0.2281745940,0.1869898545,0.2162466358,-0.1525668191,-0.1113021380,-0.0992582499,-0.0940230738,-0.0793243228,-0.0763484658,-0.0716473144,0.0013000000,-0.0013000000,0.0000557931,0.0000634771,0.0001153528,0.0001278097
naca2415,naca2415.dat,selig,naca2415_cst.dat,6,1.0000000000,0.2437226052,0.2187947906,0.2975043154,0.1793991848,0.2813474412,0.2123853649,0.2557877087,-0.1890963536,-0.1602126764,-0.1254665397,-0.1437907674,-0.1056960075,-0.1148391354,-0.1048073171,0.0016000000,-0.0016000000,0.0001257904,0.0000642921,0.0003524598,0.0001177743
naca2421,naca2421.dat,selig,naca2421_cst.dat,6,1.0000000000,0.3487802602,0.2671236853,0.4199855052,0.2026252734,0.3928871992,0.2588651656,0.3379716328,-0.2592519048,-0.2643405737,-0.1658791170,-0.2626404658,-0.1355463041,-0.2084591210,-0.1632190982,0.0022000000,-0.0022000000,0.0002694225,0.0001560641,0.0007831369,0.0004670298
naca4412,naca4412.dat,selig,naca4412_cst.dat,6,1.0000000000,0.2174891354,0.2306487446,0.3082746153,0.2060731551,0.2919304595,0.2512793912,0.2854345566,-0.1350262882,-0.0692863422,-0.0352534196,-0.0450000204,-0.0234964919,-0.0091590492,-0.0078385004,0.0013000000,-0.0013000000,0.0000890711,0.0000834260,0.0002470560,0.0001760298
naca4415,naca4415.dat,selig,naca4415_cst.dat,6,0.9989304541,0.2522355524,0.2936233877,0.3106489776,0.2691934916,0.3344033122,0.2629468575,0.3695822504,-0.1808816139,-0.0980823711,-0.1125555792,-0.0258086723,-0.1322202407,0.0128640191,-0.1008575799,-0.0000695642,-0.0000695642,0.0002542321,0.0004193084,0.0014362062,0.0024867437
naca4421,naca4421.dat,selig,naca4421_cst.dat,6,1.0000000000,0.3984621752,0.2628316837,0.5547370662,0.1655450002,0.5238464960,0.2870736891,0.4257774822,-0.2228605388,-0.2437560136,-0.0749541018,-0.2424393295,-0.0562233278,-0.1509188676,-0.0955264065,0.0022000000,-0.0022000000,0.0004791464,0.0001979262,0.0014970713,0.0005587653
npl9510,npl9510.dat,lednicer,npl9510_cst.dat,6,0.9993335015,0.1721496837,-0.0105160843,0.2870590118,-0.0662443339,0.3042596224,0.1215223244,0.2378845318,-0.1921260407,-0.1287142558,-0.2351074352,-0.1285387225,-0.1236973431,0.0443795916,0.0964526063,0.0024416273,-0.0024416273,0.0006741093,0.0005878914,0.0023954391,0.0020893778
rae2822,rae2822.dat,lednicer,rae2822_cst.dat,6,0.9993980008,0.1287921960,0.1327408487,0.1712153634,0.1522504520,0.2313351029,0.1651416200,0.2170822416,-0.1311522721,-0.1377629924,-0.1396334974,-0.2518677596,-0.0326995133,-0.1111251524,0.0716067933,-0.0000407865,-0.0000407865,0.0001500314,0.0001535486,0.0009306068,0.0008880123
raf15,raf15.dat,lednicer,raf15_cst.dat,6,1.0000000000,0.1683532465,0.1496699076,0.1815195646,0.0291035624,0.2716721837,0.0119366546,0.3085605571,-0.0723060636,-0.0530842490,0.0539819695,0.0336866194,-0.1568393593,0.0761430922,-0.1879776128,0.0000000000,0.0000000000,0.0002017352,0.0002355907,0.0004762985,0.0004097728
raf19,raf19.dat,lednicer,raf19_cst.dat,6,1.0000000000,0.2384444545,0.6996523787,-0.1110028143,0.8721399340,-0.0585407692,0.5241851173,0.3674099908,-0.1006969826,0.0579394074,0.4401552682,-0.0683370800,0.3090097851,0.1799545945,0.0088502290,0.0000000000,0.0000000000,0.0010123094,0.0007871530,0.0027585067,0.0017207933
rg14,rg14.dat,lednicer,rg14_cst.dat,6,0.9995701970,0.1199350994,0.1978241729,0.0841508678,0.2184656954,0.0982549019,0.1630405179,0.1568645678,-0.0990791726,-0.0600550203,-0.0918878792,-0.0307428063,-0.0886329493,-0.0785660592,0.0066011894,0.0000000000,0.0000000000,0.0002506698,0.0002538870,0.0006814963,0.0013232694
rg15,rg15.dat,selig,rg15_cst.dat,6,0.9999933461,0.1295788462,0.2045576472,0.1019028275,0.2219037674,0.1229060321,0.1705304689,0.1882105332,-0.0904639502,-0.0823434743,-0.0479926545,-0.0915785316,-0.0548020835,-0.0350278331,0.0410531609,0.0000000000,0.0000000000,0.0002311617,0.0000965411,0.0008897030,0.0002096773
rg8,rg8.dat,lednicer,rg8_cst.dat,6,1.0000000000,0.1453542460,0.2402487647,0.1226298328,0.2562555254,0.1705693121,0.1960888928,0.2805586759,-0.1101783320,-0.1143632778,-0.0348969198,-0.1873189156,0.0416788691,-0.0697876343,0.1033697676,0.0000000000,0.0000000000,0.0002657137,0.0000577495,0.0010199547,0.0001161355
s1010,s1010.dat,selig,s1010_cst.dat,6,1.0000000000,0.1099784368,0.0875495440,0.0510147221,0.0891910005,0.0647219696,0.0985659393,0.0467996118,-0.1099784368,-0.0875495440,-0.0510147221,-0.0891910005,-0.0647219696,-0.0985659393,-0.0467996118,0.0000000000,0.0000000000,0.0001714796,0.0001714796,0.0005647683,0.0005647683
s1012,s1012.dat,selig,s1012_cst.dat,6,1.0000000000,0.1730009284,0.1334960354,0.1826390356,0.0826803348,0.2853561789,0.1485096802,0.0723534358,-0.1730009284,-0.1334960354,-0.1826390356,-0.0826803348,-0.2853561789,-0.1485096802,-0.0723534358,0.0000000000,0.0000000000,0.0002271616,0.0002271616,0.0005162574,0.0005162574
s1014,s1014.dat,selig,s1014_cst.dat,6,1.0000000000,0.1973202311,0.1793053075,0.2625901224,0.0714538118,0.4805413454,0.1455169002,0.0923135020,-0.1973202311,-0.1793053075,-0.2625901224,-0.0714538118,-0.4805413454,-0.1455169002,-0.0923135020,0.0000000000,0.0000000000,0.0003738685,0.0003738685,0.0008264984,0.0008264984
s1016,s1016.dat,selig,s1016_cst.dat,6,1.0000000000,0.2137301782,0.2119402210,0.2589047612,0.1220602818,0.4027157571,0.2623006812,0.0638622351,-0.2137301782,-0.2119402210,-0.2589047612,-0.1220602818,-0.4027157571,-0.2623006812,-0.0638622351,0.0000000000,0.0000000000,0.0004370833,0.0004370833,0.0010082489,0.0010082489
s1020,s1020.dat,selig,s1020_cst.dat,6,0.9999406161,0.1800410843,0.3788135332,0.1930040878,0.4620070612,0.2818491352,0.3508317369,0.4390211641,-0.1293538323,-0.0687326091,-0.1316578459,-0.0369596120,-0.0059456946,-0.0058305602,0.1547506904,0.0000000000,0.0000000000,0.0004796325,0.0002685132,0.0018371609,0.0012695755
s102b,s102b.dat,selig,s102b_cst.dat,6,0.9996137144,0.2184676760,0.2657235779,0.0914635056,0.4522273501,0.1367862014,0.2767776112,0.2172473920,-0.0927180794,-0.1713899227,-0.0123339681,-0.4083745570,0.0269332941,-0.0881241026,0.0926490933,0.0010003844,-0.0010003844,0.0004603607,0.0003645174,0.0023048228,0.0009306501
s102s,s102s.dat,selig,s102s_cst.dat,6,0.9996121905,0.2178157666,0.2727649169,0.0746237242,0.4890804341,0.0987939546,0.3128497213,0.2263267172,-0.0926590973,-0.1714670259,-0.0121737747,-0.4085048860,0.0268951332,-0.0880816121,0.0926334593,-0.0000000000,-0.0000000000,0.0004829056,0.0003639020,0.0023045313,0.0009235282
s1046,s1046.dat,selig,s1046_cst.dat,6,1.0000000000,0.1828490678,0.3149685802,0.1150222142,0.3218086884,0.0948888022,0.1840731024,0.0906099093,-0.1828490678,-0.3149685802,-0.1150222142,-0.3218086884,-0.0948888022,-0.1840731024,-0.0906099093,0.0000000000,0.0000000000,0.0002625256,0.0002625256,0.0009649841,0.0009649841
s1091,s1091.dat,selig,s1091_cst.dat,6,0.9985857637,0.1771790186,0.2211989817,0.1516233809,0.2592205651,0.1978492793,0.1724591609,0.3277203293,-0.0761824982,0.1746556751,-0.0916826858,0.3698221102,0.0206453339,0.1321393579,0.1179889944,-0.0001691198,-0.0001691198,0.0003026568,0.0006139850,0.0011715067,0.0022786227
s1210,s1210.dat,selig,s1210_cst.dat,6,0.9989791880,0.2530411771,0.3190092975,0.3466755218,0.2306570834,0.4496346770,0.1227328685,0.6369136545,-0.1083029788,-0.0275606387,-0.0317915805,0.1506274029,0.1674660699,0.1286459896,0.5391593481,-0.0004903273,-0.0004903273,0.0008363608,0.0009488198,0.0020754471,0.0034040646
s1221,s1221.dat,selig,s1221_cst.dat,6,1.0005427963,0.2415097814,0.3159631790,0.3181498029,0.0654957588,0.4289417167,0.0024707301,0.4891742173,-0.1124595211,-0.0371225481,-0.1242927652,0.1901673500,0.0020487026,0.1119370459,0.3793494477,-0.0003598990,-0.0003597840,0.0004608167,0.0006712496,0.0022342330,0.0022342330
s1223,s1223.dat,selig,s1223_cst.dat,6,0.9986360782,0.2887228062,0.3573008973,0.4944662351,0.0131090206,0.7394727737,-0.0238678780,0.8863980473,-0.1647743471,0.1440983448,-0.1327800258,0.3464983707,0.1148325226,0.2200690300,0.6057377337,-0.0006020825,-0.0006020825,0.0007109137,0.0016105050,0.0019291964,0.0058588972
s2027,s2027.dat,selig,s2027_cst.dat,6,0.9999867117,0.1781687137,0.3531359111,0.1436622385,0.3975477531,0.1199883495,0.3004977026,0.0994170763,-0.1254869229,-0.1319072441,-0.1038390757,-0.1500626683,-0.0499950434,-0.0769890220,0.0144988759,-0.0000000000,-0.0000000000,0.0003189928,0.0001391352,0.0012998022,0.0006282136
s2048,s2048.dat,selig,s2048_cst.dat,6,0.9999950392,0.1261837006,0.2056191152,0.0693850293,0.2596808783,0.1051886977,0.2259600976,0.1700790642,-0.0866369222,-0.0617660296,-0.0617084426,-0.0898091249,-0.0269478529,-0.0246724189,0.0441015297,0.0000000014,-0.0000000014,0.0001557927,0.0000579581,0.0005288299,0.0001120758
s2091,s2091.dat,selig,s2091_cst.dat,6,0.9993652764,0.1985689864,0.2680399293,0.1896764918,0.2771516070,0.1826785228,0.2343301069,0.1119163937,-0.1088982620,-0.0045673211,-0.0729585882,0.0315160761,-0.0148556091,0.0290074806,0.0522653661,0.0000000037,-0.0000000037,0.0006094937,0.0004533789,0.0025482359,0.0023781308
s3021,s3021.dat,selig,s3021_cst.dat,6,0.9993152915,0.1615231285,0.2512346860,0.1195980237,0.3120407277,0.0915169053,0.2183295029,0.1395749997,-0.0835348534,-0.0520565100,-0.0394588283,-0.0441299843,-0.0096450105,-0.0428292734,-0.0138389292,0.0000000038,-0.0000000038,0.0003354604,0.0003493001,0.0017550004,0.0017550004
s4061,s4061.dat,selig,s4061_cst.dat,6,0.9994353364,0.1586367951,0.2733969068,0.1282251764,0.3458925819,0.1315553222,0.2690970903,0.0979491738,-0.1085144842,-0.0207585530,-0.0579832490,0.0275660617,-0.0139406713,0.0284057956,0.0512252056,-0.0000000041,0.0000000041,0.0004232938,0.0005858296,0.0020110446,0.0024022004
s4094,s4094.dat,selig,s4094_cst.dat,6,0.9999808465,0.1657607131,0.2552021813,0.0815613193,0.2960429711,0.0428553231,0.1842680784,0.0875885733,-0.1070680132,-0.0448526949,-0.0751756264,-0.0142727460,-0.0397176016,-0.0214978881,-0.0006343332,0.0123979671,-0.0123979671,0.0003095421,0.0001292207,0.0012682148,0.0005297400
s4095,s4095.dat,selig,s4095_cst.dat,6,0.9999921468,0.1646084604,0.2477654984,0.0754752009,0.2822119019,0.0325699987,0.1824760016,0.0731759337,-0.1060949295,-0.0331426697,-0.0642743718,-0.0117750788,-0.0247226129,-0.0242201113,0.0178672432,0.0193921563,-0.0193921563,0.0003101131,0.0001618734,0.0012766383,0.0006393139
s4096,s4096.dat,selig,s4096_cst.dat,6,1.0015901408,0.1702012009,0.2612278387,0.0959383770,0.3092247895,0.0654498575,0.2102106020,0.1181209585,-0.1114610568,-0.0837833649,-0.0886372893,-0.0486550815,-0.0577074658,-0.0567785586,-0.0191191436,0.0000000000,-0.0620349569,0.0002881872,0.0001379920,0.0011856920,0.0005063413
s4110,s4110.dat,selig,s4110_cst.dat,6,0.9996501472,0.1669760744,0.2024433066,0.1480792805,0.2274316819,0.1773078749,0.2000486633,0.1919649992,-0.1036144363,-0.0149497007,-0.0596724626,0.0077201053,-0.0000178759,0.0109448459,0.0745454584,0.0000000000,0.0000000000,0.0002851834,0.0001515237,0.0014981569,0.0005544485
s4158,s4158.dat,selig,s4158_cst.dat,6,0.9996376861,0.1740984092,0.2289868982,0.2507196666,0.1829217419,0.3649668936,0.2449646675,0.0689835506,-0.0971379846,-0.0267125144,-0.0932731225,0.0149659491,-0.0756129657,0.0084929194,-0.0372911262,-0.0000000000,-0.0000000000,0.0003452279,0.0001940286,0.0015357224,0.0007728254
s4180,s4180.dat,selig,s4180_cst.dat,6,0.9994686616,0.2133986472,0.2581967103,0.2316186542,0.2387807348,0.1888366460,0.2108662555,0.1232086079,-0.1293705523,0.0565562370,-0.1186837491,0.1183834348,-0.0484662493,0.0617582915,0.0882029718,-0.0000000041,0.0000000041,0.0005129331,0.0006641075,0.0028117984,0.0028117984
s8064,s8064.dat,selig,s8064_cst.dat,6,0.9995690710,0.1439811068,0.1775884859,0.1749707839,0.2186617526,0.1798483382,0.3251686444,0.0631791637,-0.1143785579,-0.1360654169,-0.1254286160,-0.1231247178,-0.1805798906,-0.0982123603,-0.0749499846,0.0000000000,0.0000000000,0.0003363407,0.0003024746,0.0015349559,0.0015349559
s8065,s8065.dat,selig,s8065_cst.dat,6,0.9995731822,0.1356723551,0.1631643200,0.1576154731,0.2019060984,0.1600803458,0.2768654181,0.0682731055,-0.1070612056,-0.1195786402,-0.1081131690,-0.1127074742,-0.1400373123,-0.0854769118,-0.0631624805,0.0000000000,-0.0000000000,0.0002929229,0.0002720409,0.0014317109,0.0014317109
s8066,s8066.dat,selig,s8066_cst.dat,6,0.9985844426,0.1310310789,0.1424893832,0.1491194485,0.1701616318,0.1536411476,0.2116976261,0.0898180503,-0.1008572623,-0.1153110978,-0.0963966214,-0.1119326064,-0.1213106763,-0.0811278559,-0.0424179388,-0.0000447968,-0.0000447968,0.0003360277,0.0002662209,0.0016047313,0.0013563986
sa7024,sa7024.dat,selig,sa7024_cst.dat,6,0.9982850105,0.1346684313,0.2170934987,0.1097685837,0.2273318548,0.1415386393,0.1733036687,0.2085214916,-0.0736180101,0.0036534107,-0.0433616959,0.0453944030,0.0190139068,0.0260623033,0.0855353232,-0.0001253464,-0.0001253464,0.0001927492,0.0002697666,0.0006957547,0.0014719910
sa7026,sa7026.dat,selig,sa7026_cst.dat,6,0.9982425075,0.1400391836,0.2683042040,0.1163110046,0.3293645154,0.1383934133,0.3211957607,0.1560143751,-0.0839722897,-0.0097035290,-0.0635117477,0.0393985357,-0.0225785833,0.0380674657,0.0477014913,-0.0000975552,-0.0000975552,0.0002314745,0.0003462581,0.0008516447,0.0020083213
sa7035,sa7035.dat,selig,sa7035_cst.dat,6,0.9985001350,0.1528463758,0.2398106990,0.1066258821,0.2803411335,0.0851000242,0.2574630553,0.1162210734,-0.0803289356,-0.0705298094,-0.0310964607,-0.0762592830,0.0069191413,-0.0440852716,0.0364207844,-0.0000730932,-0.0000730932,0.0002770585,0.0002258221,0.0013453041,0.0013453041
sa7036,sa7036.dat,selig,sa7036_cst.dat,6,0.9985400094,0.1523173512,0.2523346354,0.0972665106,0.3028446933,0.0776831851,0.2740072093,0.1220429501,-0.0875183605,-0.0514821398,-0.0500851634,-0.0413904053,-0.0072894126,-0.0256474906,0.0416981482,-0.0000802444,-0.0000802444,0.0003100721,0.0002713352,0.0014854692,0.0014854692
sa7038,sa7038.dat,selig,sa7038_cst.dat,6,0.9982127912,0.1689667657,0.2489477834,0.1316937166,0.2896002790,0.1125207160,0.2826491348,0.1430914478,-0.0872795220,-0.0309699432,-0.0553391422,-0.0048269313,-0.0075446739,-0.0014056609,0.0584270984,-0.0000958798,-0.0000958798,0.0001849751,0.0002382990,0.0008520620,0.0012816841
sd2030,sd2030.dat,selig,sd2030_cst.dat,6,1.0000050144,0.1367463865,0.1983246499,0.0962460263,0.2556940681,0.1193264259,0.2540550833,0.1766995035,-0.0955822456,-0.0332797983,-0.0854252116,-0.0217798350,-0.0572585762,-0.0726353758,0.0325528832,-0.0000000008,0.0000000008,0.0002253895,0.0001166175,0.0008804583,0.0004668858
sd7003,sd7003.dat,selig,sd7003_cst.dat,6,0.9994150242,0.1499161787,0.1907848184,0.0917955825,0.1899426308,0.0820932302,0.1306343232,0.1100807814,-0.1183140334,-0.0624849813,-0.0882517639,-0.0387779676,-0.0620683256,-0.0324985366,0.0258236941,-0.0000000011,0.0000000011,0.0003962314,0.0003879609,0.0020812923,0.0020812923
sd7032,sd7032.dat,selig,sd7032_cst.dat,6,0.9993633334,0.1809286698,0.2783512010,0.1429710850,0.3137317173,0.1302860956,0.2986687848,0.1499326491,-0.0942671313,-0.0220583033,-0.0708571957,0.0179823670,-0.0321438560,0.0306419744,0.0857405609,0.0000000000,0.0000000000,0.0004189633,0.0004461561,0.0022380933,0.0022380933
sd7037,sd7037.dat,selig,sd7037_cst.dat,6,0.9994366696,0.1635872717,0.2491395653,0.1113035115,0.3041892787,0.0806709524,0.2940234579,0.1294844444,-0.0966314670,-0.0301099062,-0.0721755800,0.0052847371,-0.0383926781,0.0053602849,0.0495580170,0.0000000000,0.0000000000,0.0003720662,0.0004366449,0.0019277797,0.0019277797
sd7062,sd7062.dat,selig,sd7062_cst.dat,6,0.9994816847,0.2637958936,0.3348028266,0.2223409488,0.3407210868,0.2037380203,0.2651259303,0.1836425228,-0.1565509408,-0.0301959751,-0.1734803779,0.0396398072,-0.0968845215,0.0152126807,0.0531570660,-0.0000000010,0.0000000010,0.0006377187,0.0007847226,0.0034618424,0.0034618424
sd7080,sd7080.dat,selig,sd7080_cst.dat,6,0.9999751861,0.1452849196,0.2542994528,0.0661923818,0.3189219432,0.0391412408,0.2929349377,0.1092262782,-0.1031885298,-0.0435414997,-0.0815693141,-0.0198835472,-0.0465174185,-0.0181537447,0.0297486828,-0.0000000031,0.0000000031,0.0003013985,0.0001724743,0.0012667746,0.0008077128
sd8020,sd8020.dat,selig,sd8020_cst.dat,6,1.0000000000,0.1327972070,0.1673335059,0.0807964329,0.1775478267,0.0791519090,0.1278319516,0.1126732133,-0.1327675722,-0.1673704418,-0.0807899063,-0.1774999716,-0.0791833541,-0.1277709296,-0.1127192936,0.0000000000,0.0000000000,0.0001637305,0.0001641910,0.0005365843,0.0005350889
sd8040,sd8040.dat,selig,sd8040_cst.dat,6,0.9994508027,0.2028553455,0.2044189710,0.1956575634,0.2063858526,0.1640620938,0.2375327309,0.1267064788,-0.1094681124,-0.0424317673,-0.0912973912,-0.0153041193,-0.0541158215,-0.0201768191,0.0262220722,-0.0000000000,-0.0000000000,0.0004656298,0.0004770926,0.0022785626,0.0022785626
sg6040,sg6040.dat,selig,sg6040_cst.dat,6,0.9995800421,0.2163949061,0.2568756747,0.2911737199,0.2599093989,0.3087727007,0.2456646347,0.2976184506,-0.1535293871,-0.1563905145,-0.0902922714,-0.2646030380,-0.0277348391,-0.1038018000,0.0771372099,-0.0000000000,-0.0000000000,0.0004105245,0.0004260734,0.0023909605,0.0023909605
sg6041,sg6041.dat,selig,sg6041_cst.dat,6,0.9991367103,0.1663715945,0.1925112120,0.1498428876,0.2114291053,0.1844976327,0.2229494680,0.1930272630,-0.1057940399,-0.0455861594,-0.1191354165,-0.0289278810,-0.1462380721,-0.0187897318,-0.0165271884,-0.0000978886,-0.0000978889,0.0002906988,0.0004379496,0.0015469889,0.0020889084
sg6042,sg6042.dat,selig,sg6042_cst.dat,6,0.9987201217,0.1758140293,0.2339796608,0.1812565248,0.2543169317,0.2603365626,0.2424133033,0.3083539225,-0.1270887114,0.0286039693,-0.1413282917,0.0662129488,-0.0915224954,0.0455421137,0.0860153403,-0.0001589794,-0.0001589794,0.0002186783,0.0006859033,0.0007139656,0.0028494082
sg6043,sg6043.dat,selig,sg6043_cst.dat,6,0.9984998851,0.2000294294,0.2636738551,0.2398608014,0.2714961939,0.3598437707,0.2479676425,0.4377355581,-0.1277234331,0.0823083278,-0.1243490167,0.1241635705,0.0001002731,0.0868283789,0.2001497292,-0.0002768154,-0.0002768163,0.0001923211,0.0009699730,0.0006015311,0.0048495039
sg6050,sg6050.dat,selig,sg6050_cst.dat,6,0.9995171636,0.2028283165,0.3168844630,0.2303554091,0.3390032676,0.2905707758,0.2476240653,0.2513145208,-0.1531841178,-0.1359084353,-0.1790836394,-0.0362759632,-0.0980191895,-0.1093719501,-0.0303538233,0.0050024129,-0.0050024129,0.0006435277,0.0004846285,0.0035206097,0.0020943402
sg6051,sg6051.dat,selig,sg6051_cst.dat,6,0.9995268408,0.1621488459,0.2366332000,0.1936331904,0.2819834847,0.2537743054,0.2547945448,0.1934883893,-0.1135159583,-0.0408388278,-0.1517965657,0.0212297185,-0.0960652908,-0.0336329125,-0.0412873179,0.0050023660,-0.0050023660,0.0003527510,0.0002962353,0.0016107304,0.0016107304
usa35b,usa35b.dat,lednicer,usa35b_cst.dat,6,1.0003471010,0.2168087250,0.2955673381,0.2017887926,0.3369240181,0.1466750637,0.2980011178,0.2046488734,-0.1596049626,0.0445678137,-0.1778027871,0.1203885534,-0.1233790417,0.0449128302,-0.0211019727,0.0012491327,-0.0012491327,0.0002494331,0.0002995622,0.0004199783,0.0006826325
usa45,usa45.dat,lednicer,usa45_cst.dat,6,1.0000000000,0.2068558805,0.5367222434,0.0177553977,0.5245630476,0.0323392907,0.3426440310,0.1758661770,-0.1254099646,-0.0512123432,-0.1221430847,-0.0172673161,-0.1325497452,-0.0514512090,-0.0860119146,0.0000000000,0.0000000000,0.0006101614,0.0001154630,0.0011229647,0.0002656662
w1011,w1011.dat,selig,w1011_cst.dat,6,0.9994773637,0.1574763496,0.1816216386,0.0926921059,0.1749582758,0.0694552882,0.1078429564,0.0922929709,-0.1585096128,-0.1802951643,-0.0953089881,-0.1722401910,-0.0719095865,-0.1066293766,-0.0928932497,0.0007969165,-0.0007969165,0.0002138088,0.0001884353,0.0016191755,0.0011648634
w1015,w1015.dat,selig,w1015_cst.dat,6,0.9994276165,0.2041812800,0.2388962317,0.1413693778,0.2311608061,0.1272791221,0.1547573961,0.1587810905,-0.2051685180,-0.2375729769,-0.1440407547,-0.2283166261,-0.1298409826,-0.1534941044,-0.1593657556,0.0008334771,-0.0008334771,0.0003649305,0.0003519425,0.0028351792,0.0029176916
