perfil,Au0,Au1,Au2,Au3,Au4,Au5,Au6,Al0,Al1,Al2,Al3,Al4,Al5,Al6,upper_kappa_rms_interior,upper_kappa_abs_p95_interior,upper_kappa_abs_p99_interior,upper_kappa_abs_max_interior,upper_x_kappa_abs_max_interior,upper_kappa_total_variation_interior,upper_d2y_rms_interior,upper_curvature_sign_threshold,upper_curvature_inversions_interior,lower_kappa_rms_interior,lower_kappa_abs_p95_interior,lower_kappa_abs_p99_interior,lower_kappa_abs_max_interior,lower_x_kappa_abs_max_interior,lower_kappa_total_variation_interior,lower_d2y_rms_interior,lower_curvature_sign_threshold,lower_curvature_inversions_interior,t_max,t_max_pct,x_t_max,camber_abs_max,camber_abs_max_pct,x_camber_abs_max,min_thickness,yu_x02,yl_x02,thickness_x02,thickness_pct_x02,camber_x02,camber_pct_x02,yu_x05,yl_x05,thickness_x05,thickness_pct_x05,camber_x05,camber_pct_x05,yu_x10,yl_x10,thickness_x10,thickness_pct_x10,camber_x10,camber_pct_x10,yu_x25,yl_x25,thickness_x25,thickness_pct_x25,camber_x25,camber_pct_x25,yu_x50,yl_x50,thickness_x50,thickness_pct_x50,camber_x50,camber_pct_x50,yu_x75,yl_x75,thickness_x75,thickness_pct_x75,camber_x75,camber_pct_x75,yu_x90,yl_x90,thickness_x90,thickness_pct_x90,camber_x90,camber_pct_x90,yu_x95,yl_x95,thickness_x95,thickness_pct_x95,camber_x95,camber_pct_x95,yu_x98,yl_x98,thickness_x98,thickness_pct_x98,camber_x98,camber_pct_x98,CL,CD,CM
s1223,0.2887228062,0.3573008973,0.4944662351,0.0131090206,0.7394727737,-0.023867878,0.8863980473,-0.1647743471,0.1440983448,-0.1327800258,0.3464983707,0.1148325226,0.22006903,0.6057377337,1.9132723678386494,4.266711600059001,5.905754359336634,8.179258776901614,0.02,13.173115219074635,3.2166391643965424,0.08533423200118001,0,2.199789161731906,3.209178735980079,11.359003218520455,19.02225959457161,0.02,23.10817958577536,2.3284927250131524,0.06418357471960158,3,0.12128043581487709,12.12804358148771,0.20800000000000002,0.08627180882487882,8.627180882487883,0.5005000000000001,0.0,0.041198087138367694,-0.018157900232419713,0.05935598737078741,5.935598737078741,0.01152009345297399,1.152009345297399,0.06593147640075599,-0.019325908409955954,0.08525738481071193,8.525738481071194,0.023302783995400016,2.330278399540002,0.09385725595851649,-0.012630272463994417,0.10648752842251091,10.648752842251092,0.04061349174726103,4.061349174726104,0.13179607374082947,0.01243520941206665,0.11936086432876282,11.936086432876282,0.07211564157644806,7.211564157644807,0.12124110606211383,0.05130237856045029,0.06993872750166354,6.993872750166354,0.08627174231128207,8.627174231128206,0.08406515477826923,0.05674716988458064,0.027317984893688592,2.731798489368859,0.07040616233142494,7.040616233142494,0.05086827707432405,0.039473050091623225,0.011395226982700825,1.1395226982700826,0.04517066358297364,4.517066358297364,0.03258843049744352,0.0243961103574234,0.00819232014002012,0.819232014002012,0.028492270427433457,2.8492270427433457,0.01557617248431118,0.011110134587946017,0.0044660378963651635,0.44660378963651637,0.0133431535361286,1.33431535361286,1.8686,0.02405,-0.2705
e423,0.3280783908,0.3789951647,0.4204687538,0.4671504236,0.4235503462,0.3569623999,0.5968701803,-0.1190523748,0.0814864665,0.0779570308,0.1845264286,0.1366343344,0.1971951677,0.2450091923,1.6745267708407985,3.2031095743558002,6.355678202675846,8.271158173063426,0.02,9.70855888309547,3.2831604382348107,0.064062191487116,0,1.6975470901670437,2.4405410304013713,9.202158792548412,14.861727241119443,0.02,16.04121019355589,1.7259664900851865,0.048810820608027425,1,0.12548370306617596,12.548370306617596,0.2555,0.10148525138564235,10.148525138564235,0.4335,0.0,0.04630858616708375,-0.013327542970808605,0.05963612913789235,5.963612913789236,0.016490521598137572,1.649052159813757,0.07286782256356783,-0.01397980178610504,0.08684762434967287,8.684762434967288,0.029444010388731394,2.9444010388731394,0.10170529862202352,-0.006790591423163054,0.10849589004518657,10.849589004518657,0.04745735359943023,4.745735359943023,0.14823086716482237,0.022761869032168577,0.12546899813265378,12.546899813265377,0.08549636809849548,8.549636809849549,0.15105562498115516,0.04810229595296585,0.10295332902818931,10.29533290281893,0.0995789604670605,9.95789604670605,0.09442328855555047,0.039307803495477876,0.0551154850600726,5.5115485060072595,0.06686554602551417,6.686554602551417,0.046741374300123394,0.020520897958425256,0.026220476341698138,2.622047634169814,0.033631136129274326,3.3631136129274326,0.026101531140605025,0.011231018932562679,0.014870512208042346,1.4870512208042346,0.01866627503658385,1.866627503658385,0.011282813354197738,0.004736185979891334,0.006546627374306404,0.6546627374306404,0.008009499667044536,0.8009499667044536,1.7142,0.02028,-0.2298
s1210,0.2530411771,0.3190092975,0.3466755218,0.2306570834,0.449634677,0.1227328685,0.6369136545,-0.1083029788,-0.0275606387,-0.0317915805,0.1506274029,0.1674660699,0.1286459896,0.5391593481,1.6960427443043735,3.4300422413667446,6.302243683908211,8.86431543936512,0.02,12.329174305378004,2.6877117170399267,0.06860084482733489,0,1.6121202840757491,3.2662854661620586,6.7020352995036205,10.761313712050752,0.02,14.43373015302858,1.7359870787600706,0.06532570932324118,1,0.12049698093214349,12.04969809321435,0.2255,0.07236266813180196,7.236266813180197,0.5125,0.0,0.0361328457940913,-0.013732030569040736,0.04986487636313204,4.986487636313204,0.011200407612525283,1.1200407612525283,0.05760645132581625,-0.018405517280246975,0.07601196860606323,7.601196860606323,0.01960046702278464,1.9600467022784638,0.08126444619247668,-0.019365341954502655,0.10062978814697933,10.062978814697933,0.030949552118987013,3.0949552118987014,0.11525527446591796,-0.004665669151052857,0.11992094361697082,11.992094361697083,0.05529480265743255,5.529480265743255,0.11102793173102524,0.03361538059252434,0.0774125511385009,7.74125511385009,0.07232165616177479,7.232165616177479,0.0722522255259944,0.04548572371640063,0.026766501809593772,2.6766501809593772,0.058868974621197515,5.886897462119752,0.040795090934462666,0.033274780443219486,0.00752031049124318,0.7520310491243181,0.03703493568884107,3.7034935688841073,0.02490006272584239,0.02103504468652434,0.00386501803931805,0.386501803931805,0.022967553706183363,2.296755370618336,0.011484244008019458,0.009751277646189419,0.0017329663618300389,0.1732966361830039,0.010617760827104437,1.0617760827104437,1.7126,0.01819,-0.2397
fx73cl2152,0.2953625048,0.3588682312,0.4919316439,0.0930964245,0.5640091992,0.096579407,0.6425804744,-0.1982885548,0.0043286022,-0.1071971855,0.101353779,0.0844840061,0.0975473174,0.4010313264,1.7613396073195686,3.397840747679392,5.979597253991349,8.215824204335133,0.02,11.685209490096547,3.0421055472015928,0.06795681495358784,0,2.1761920380414423,3.241848565754295,11.431425892677819,17.105451861605193,0.02,20.070731154054247,2.448157046941825,0.0648369713150859,1,0.1527200754635914,15.27200754635914,0.23450000000000001,0.06624509263567765,6.624509263567766,0.454,0.0,0.04203648456771756,-0.024359186348164162,0.06639567091588172,6.639567091588172,0.008838649109776699,0.8838649109776698,0.06706243844948076,-0.03139772387009081,0.09846016231957157,9.846016231957156,0.017832357289694976,1.7832357289694976,0.09522158161296163,-0.03210595482156634,0.12732753643452796,12.732753643452796,0.031557813395697645,3.1557813395697645,0.13412845599515072,-0.018328177212615968,0.1524566332077667,15.24566332077667,0.057900139391267376,5.790013939126737,0.11806291205718374,0.013812757430644713,0.10425015462653903,10.425015462653903,0.06593783474391422,6.593783474391422,0.07495067971233906,0.03051824788015374,0.044432431832185315,4.443243183218532,0.0527344637962464,5.27344637962464,0.04109627710860234,0.024414074457739573,0.01668220265086277,1.668220265086277,0.032755175783170956,3.275517578317096,0.024963684000006373,0.015605963325788197,0.009357720674218176,0.9357720674218176,0.020284823662897286,2.0284823662897287,0.011539594519689687,0.00725264953070267,0.004286944988987017,0.4286944988987017,0.009396122025196178,0.9396122025196179,1.5806,0.0212,-0.2007
fx63137,0.2727736289,0.268467978,0.3972453705,0.1833389486,0.531000934,0.1397623401,0.4947471106,-0.1206289453,-0.0225078917,-0.103395941,-0.0147127121,0.1179207793,0.0621463721,0.3876224949,1.6467031782891568,3.023573201257203,7.229991011433757,10.024217530090702,0.02,12.549250881994649,2.7240570994039706,0.06047146402514406,0,1.4878144119774257,2.8119543359195442,6.8678230391258035,11.381230437874324,0.02,14.698011449864811,1.5852516928947982,0.05623908671839089,1,0.13754636093334952,13.754636093334952,0.297,0.059117019506017894,5.911701950601789,0.548,0.0,0.03783345398998525,-0.015227736156734267,0.05306119014671952,5.306119014671952,0.011302858916625491,1.1302858916625491,0.05850350405972148,-0.02062188863534842,0.07912539269506991,7.912539269506991,0.01894080771218653,1.894080771218653,0.08040115909993488,-0.023430044251498132,0.103831203351433,10.3831203351433,0.028485557424218374,2.8485557424218375,0.11413238892663574,-0.021688877350442507,0.13582126627707825,13.582126627707824,0.04622175578809662,4.622175578809662,0.11494560000743323,0.002366834251002039,0.11257876575643119,11.257876575643118,0.05865621712921763,5.865621712921763,0.07227520220053898,0.02611348159492997,0.04616172060560901,4.616172060560901,0.04919434189773448,4.919434189773448,0.034899669721093284,0.022700119864096965,0.012199549856996318,1.219954985699632,0.028799894792595124,2.8799894792595127,0.020116124838320277,0.014762782267653405,0.005353342570666872,0.5353342570666872,0.01743945355298684,1.743945355298684,0.009036164906272211,0.006944765467621526,0.002091399438650685,0.2091399438650685,0.007990465186946868,0.7990465186946868,1.5056,0.01574,-0.1894
goe222,0.2623170049,0.520024936,0.1934609298,0.6434922483,0.2498888168,0.5408649433,0.420992093,-0.1451365191,-0.1240500107,-0.1648844886,0.0924702142,0.0302130906,0.0902290955,0.1685722642,1.5367452568508257,3.250747601064871,4.552075703029933,6.087985724816209,0.02,6.719632408994517,2.7946735747475704,0.06501495202129742,1,1.4537309367795315,2.5513645951919477,6.609361018911799,10.406284052049422,0.02,11.630232534247503,1.6653993916478793,0.05102729190383896,1,0.18431617347481333,18.431617347481332,0.273,0.07260225583813348,7.260225583813348,0.5225,0.0,0.04018460762941052,-0.0198080277432125,0.05999263537262302,5.999263537262302,0.01018828994309901,1.018828994309901,0.06815770532613409,-0.02980773234628627,0.09796543767242036,9.796543767242035,0.019174986489923912,1.917498648992391,0.10029552204149732,-0.038683172253219565,0.13897869429471688,13.897869429471687,0.030806174894138876,3.080617489413888,0.14427409500636293,-0.0394774212150238,0.18375151622138675,18.375151622138674,0.05239833689566956,5.239833689566956,0.14677293668276495,-0.0019343592782343532,0.1487072959609993,14.87072959609993,0.0724192887022653,7.24192887022653,0.09421012959629327,0.016726837719603677,0.07748329187668959,7.7483291876689595,0.05546848365794847,5.5468483657948475,0.04265242034494015,0.011921941575186057,0.030730478769754092,3.073047876975409,0.027287180960063103,2.72871809600631,0.021640337346232243,0.007113611540602906,0.014526725805629338,1.452672580562934,0.014376974443417574,1.4376974443417574,0.008574562830058427,0.003153907788497909,0.005420655041560519,0.5420655041560519,0.005864235309278168,0.5864235309278167,1.4681,0.01927,-0.1887
as6095,0.1808267066,0.2376160222,0.1877145404,0.2637346955,0.2097965891,0.271304784,0.2521974376,-0.0846956825,0.1340668973,0.1778460679,0.2106176591,0.2685458025,0.247893716,0.2313941433,1.352428746274055,2.7185444907577514,6.216275698744405,9.311050107316845,0.02,9.22105347370434,1.840802331881577,0.05437088981515503,0,1.5158701617496282,2.017906906900882,7.908254098436107,12.939660971425347,0.02,14.578771719626888,1.5436348363701693,0.04035813813801764,1,0.05110881375738065,5.110881375738065,0.0955,0.07809685563441673,7.809685563441674,0.4575,0.0,0.025922053382720252,-0.008241864294253602,0.034163917676973854,3.4163917676973856,0.008840094544233325,0.8840094544233325,0.04129573674726989,-0.005359699362774132,0.046655436110044024,4.665543611004402,0.01796801869224788,1.796801869224788,0.05773885034039331,0.006660259408960649,0.05107859093143266,5.107859093143266,0.03219955487467698,3.2199554874676983,0.0807691914105011,0.04618744413777466,0.034581747272726435,3.4581747272726435,0.06347831777413787,6.347831777413787,0.08133887882132798,0.07373076089395042,0.007608117927377561,0.7608117927377561,0.0775348198576392,7.75348198576392,0.05320333173685464,0.05267139558708133,0.0005319361497733086,0.053193614977330855,0.05293736366196798,5.293736366196798,0.02418034196272922,0.022817974461974793,0.0013623675007544273,0.13623675007544273,0.023499158212352007,2.3499158212352005,0.012444563903097835,0.011516314008959654,0.0009282498941381809,0.09282498941381809,0.011980438956028745,1.1980438956028745,0.005029675085071234,0.004620811231109191,0.0004088638539620432,0.04088638539620432,0.004825243158090213,0.4825243158090213,1.4526,0.01453,-0.174
mh114,0.2516403113,0.3534096772,0.2991754096,0.3559468841,0.3915239285,0.3209343544,0.4270253829,-0.1089120985,0.0122631157,-0.0754132046,0.083674496,0.0344810019,0.0834899648,0.2413184878,1.5153513751356902,3.0757462714061194,5.979495326351568,8.328144440014174,0.02,8.663675344394548,2.5381698647002544,0.06151492542812239,0,1.3019510154081906,1.7682193753523539,6.7854885035421395,11.368562548392347,0.02,13.150708176217208,1.3497723838108884,0.035364387507047075,1,0.13085727690840734,13.085727690840734,0.297,0.06632190630517819,6.632190630517819,0.47800000000000004,0.0,0.036444172862823594,-0.013243030743974928,0.04968720360679852,4.9687203606798525,0.011600571059424334,1.1600571059424334,0.058831914824604495,-0.01685279135367804,0.07568470617828253,7.568470617828253,0.02098956173546323,2.098956173546323,0.08369362399881383,-0.016988293357633282,0.10068191735644712,10.068191735644712,0.03335266532059027,3.3352665320590273,0.12025324497829282,-0.009298190895465087,0.1295514358737579,12.955143587375789,0.055477527041413864,5.547752704141386,0.12266180028023359,0.009758248985945411,0.11290355129428818,11.290355129428818,0.0662100246330895,6.62100246330895,0.07897716017332941,0.019803736167230048,0.05917342400609936,5.917342400609936,0.04939044817027973,4.939044817027973,0.03650042667633262,0.015401767116935139,0.02109865955939748,2.109865955939748,0.025951096896633878,2.5951096896633876,0.019549650247192924,0.00964924472925301,0.009900405517939914,0.9900405517939914,0.014599447488222967,1.4599447488222967,0.008222721734121849,0.004415760667326788,0.003806961066795061,0.3806961066795061,0.006319241200724319,0.6319241200724319,1.4483,0.01481,-0.1758
as6094,0.1691255104,0.2188516074,0.1815103117,0.2530368549,0.2036229304,0.2796709981,0.2524920929,-0.0752371799,0.1907797366,0.1433100066,0.2706561711,0.2074605509,0.2680195394,0.2247254596,1.3020546394156884,2.5386323610698716,6.079191305028366,9.273355568736369,0.02,9.296653430988364,1.714316063130561,0.05077264722139743,0,1.4017576901202973,1.395567981588999,7.297180044554174,12.47795955216833,0.02,14.377233200470751,1.4477002109908523,0.02791135963177998,2,0.04152301901370069,4.152301901370069,0.0775,0.0776917238042673,7.769172380426729,0.448,0.0,0.024198406186042704,-0.006253307544466552,0.030451713730509256,3.0451713730509256,0.008972549320788076,0.8972549320788077,0.038498025525274274,-0.0012839685100993915,0.03978199403537366,3.9781994035373662,0.018607028507587442,1.8607028507587442,0.05385677350997347,0.01307042081423306,0.04078635269574041,4.078635269574041,0.033463597162103266,3.3463597162103267,0.07620197174331665,0.05279307804281616,0.02340889370050049,2.340889370050049,0.0644975248930664,6.44975248930664,0.07872357330422854,0.07500284788039624,0.0037207254238322968,0.3720725423832297,0.07686321059231238,7.686321059231238,0.053094860949764656,0.05156413248633474,0.0015307284634299145,0.15307284634299145,0.0523294967180497,5.2329496718049695,0.024403147171219348,0.022667248954301677,0.001735898216917671,0.1735898216917671,0.023535198062760512,2.353519806276051,0.01253943076768871,0.011420302195705435,0.0011191285719832755,0.11191285719832755,0.011979866481697073,1.1979866481697072,0.005052101669676114,0.00454055720473419,0.0005115444649419236,0.05115444649419236,0.0047963294372051525,0.47963294372051524,1.4385,0.01488,-0.1723
e216,0.1735288969,0.2835662599,0.2008129292,0.2825918637,0.3191495765,0.2301284477,0.5022478205,-0.1058161056,-0.0356445434,-0.0351475567,0.0095076183,0.0995254452,0.0330932601,0.3445868398,1.3824517242150105,2.582552669398681,5.292354982540425,7.998632294661814,0.02,9.642216296752967,1.8707331702626662,0.05165105338797362,0,1.3792541100301452,2.739402739600086,6.345155365183472,10.291854736840392,0.02,13.311420980323902,1.4518042326275482,0.054788054792001724,1,0.10441131076359077,10.441131076359076,0.277,0.051834968460874285,5.1834968460874284,0.5525,0.0,0.025727346417371847,-0.013553782029494357,0.0392811284468662,3.9281128446866203,0.006086782193938745,0.6086782193938745,0.04251755928074504,-0.018503101547862853,0.061020660828607895,6.102066082860789,0.012007228866441094,1.2007228866441095,0.06175076865997551,-0.02050893024986142,0.08225969890983693,8.225969890983693,0.020620919205057042,2.0620919205057042,0.09011162483431093,-0.013943815809127808,0.10405544064343873,10.405544064343873,0.03808390451259156,3.808390451259156,0.09506840652671644,0.007619538102955867,0.08744886842376058,8.744886842376058,0.05134397231483615,5.134397231483615,0.06736327366779998,0.02220136103085197,0.045161912636948014,4.516191263694801,0.04478231734932597,4.4782317349325975,0.0364519206352558,0.019423436815581695,0.017028483819674103,1.7028483819674103,0.027937678725418746,2.7937678725418746,0.021101337908428195,0.012867830731255669,0.008233507177172526,0.8233507177172525,0.01698458431984193,1.698458431984193,0.009338863101165626,0.006125637464449824,0.0032132256367158017,0.3213225636715802,0.007732250282807725,0.7732250282807724,1.372,0.01411,-0.1758
goe223,0.2383080932,0.5251337905,0.1191713174,0.7091278711,0.0820392679,0.5635153474,0.2483409962,-0.1311452286,-0.098753074,-0.2755796019,0.1033842953,-0.1081894429,0.1768161505,0.0757496933,1.5289581750092711,3.2951524990205363,4.3521933812940246,5.843312723231951,0.02,8.250945055849781,2.6268102894311847,0.06590304998041073,1,1.2317135575007079,1.5518519861612265,5.505439452385144,9.440332102777596,0.02,12.09305123452013,1.380707475469863,0.03103703972322453,2,0.18704141129694807,18.704141129694808,0.2945,0.05799590654322283,5.799590654322283,0.5235,0.0,0.037258136422358194,-0.017794720743776398,0.05505285716613459,5.505285716613459,0.009731707839290898,0.9731707839290898,0.0642054271843985,-0.027091236212502652,0.09129666339690115,9.129666339690115,0.018557095485947927,1.8557095485947928,0.09531310895679562,-0.037117961547006535,0.13243107050380215,13.243107050380216,0.029097573704894544,2.909757370489454,0.13628181023645322,-0.04851706098423155,0.18479887122068478,18.47988712206848,0.04388237462611083,4.388237462611083,0.13379377394508465,-0.018096778581675726,0.15189055252676037,15.189055252676036,0.05784849768170446,5.784849768170446,0.07987010031966349,0.010480941010816832,0.06938915930884666,6.938915930884666,0.04517552066524016,4.517552066524016,0.03322431795211649,0.00886269233729356,0.024361625614822933,2.4361625614822935,0.021043505144705026,2.104350514470503,0.015468234852627282,0.004562554445356498,0.010905680407270784,1.0905680407270784,0.01001539464899189,1.001539464899189,0.005576917367346026,0.0016967301278823785,0.003880187239463647,0.3880187239463647,0.0036368237476142023,0.36368237476142024,1.3579,0.0181,-0.1545
s1221,0.2415097814,0.315963179,0.3181498029,0.0654957588,0.4289417167,0.0024707301,0.4891742173,-0.1124595211,-0.0371225481,-0.1242927652,0.19016735,0.0020487026,0.1119370459,0.3793494477,1.724421129782641,3.529063733588096,6.296765799666009,8.858835559328387,0.02,12.839877906718733,2.6061079706114145,0.07058127467176192,0,1.4334254010695249,2.6533729361742995,6.23417271412825,10.335166668979612,0.02,13.55651916523651,1.5239280092016625,0.05306745872348599,1,0.1206047498837386,12.060474988373858,0.2125,0.04937853746168614,4.9378537461686145,0.47400000000000003,0.0,0.034645992851246386,-0.014456258248058003,0.04910225109930439,4.9102251099304395,0.010094867301594191,1.009486730159419,0.055394876620521366,-0.02011124203621047,0.07550611865673183,7.550611865673183,0.01764181729215545,1.764181729215545,0.07771978424323478,-0.023442519030751417,0.1011623032739862,10.11623032739862,0.02713863260624168,2.713863260624168,0.10227314254867859,-0.016640827844677734,0.11891397039335633,11.891397039335633,0.04281615735200042,4.281615735200043,0.0837345653762655,0.014835227186122162,0.06889933819014334,6.889933819014334,0.049284896281193834,4.928489628119383,0.05104080638197305,0.02787568501772392,0.02316512136424913,2.316512136424913,0.03945824569984849,3.9458245699848487,0.028879407394694908,0.023155614090330356,0.005723793304364552,0.5723793304364553,0.026017510742512632,2.601751074251263,0.018198775872522024,0.014878517219524037,0.003320258652997987,0.33202586529979866,0.01653864654602303,1.653864654602303,0.008632037060315602,0.006894510632982369,0.0017375264273332327,0.17375264273332328,0.0077632738466489855,0.7763273846648986,1.3539,0.01807,-0.1628
2032c,0.1581959608,0.5258894021,-0.0520598893,0.5747885601,-0.0011907997,0.3545173484,0.1794280464,-0.0514495151,0.1297256723,0.0203739288,0.2405027382,0.0099169207,0.1834549132,0.0994410562,1.4764019411505738,3.552020717445337,3.661380927058111,4.386900032381602,0.02,7.155621511128029,2.101790708531175,0.07104041434890675,1,0.8649328900245326,0.6878062737160477,4.6013606361200825,8.08135596721858,0.02,9.95966967478184,0.8738203660065783,0.013756125474320955,2,0.07932137178573928,7.932137178573928,0.1775,0.06959977269770658,6.959977269770658,0.363,0.0,0.027299844209084927,-0.00434568601394581,0.03164553022303074,3.164553022303074,0.011477079097569558,1.1477079097569558,0.05055918931569686,-0.0013950841406085055,0.05195427345630537,5.195427345630537,0.024582052587544177,2.458205258754418,0.07788673725903104,0.00687387384554484,0.0710128634134862,7.10128634134862,0.042380305552287945,4.238030555228795,0.10396771023537597,0.02847285915653687,0.0754948510788391,7.5494851078839105,0.06622028469595642,6.622028469595643,0.09013995819023567,0.039727759034788035,0.05041219915544763,5.0412199155447635,0.06493385861251186,6.493385861251186,0.05070268255277952,0.025737849158920773,0.02496483339385875,2.496483339385875,0.038220265855850144,3.8220265855850144,0.021742618066686065,0.011607921970964195,0.01013469609572187,1.013469609572187,0.016675270018825128,1.6675270018825128,0.01049651375818755,0.005677743937903045,0.004818769820284505,0.4818769820284505,0.008087128848045298,0.8087128848045297,0.003909894579095519,0.0021398688170678457,0.0017700257620276729,0.1770025762027673,0.003024881698081682,0.3024881698081682,1.342,0.01667,-0.1241
sg6043,0.2000294294,0.2636738551,0.2398608014,0.2714961939,0.3598437707,0.2479676425,0.4377355581,-0.1277234331,0.0823083278,-0.1243490167,0.1241635705,0.0001002731,0.0868283789,0.2001497292,1.4319761009290601,2.7327247031251227,6.200268433229851,9.174676078380267,0.02,10.194956176538042,2.0444925485338374,0.05465449406250245,0,1.487254479790169,1.3983306207053627,8.31890926222296,14.307440112591957,0.02,16.428220360579758,1.5258599363133494,0.027966612414107254,3,0.10064313958559429,10.06431395855943,0.3225,0.05481188620358563,5.481188620358563,0.5075000000000001,0.0,0.028711540191911765,-0.014536219394970679,0.04324775958688244,4.324775958688244,0.007087660398470543,0.7087660398470543,0.04592381456909933,-0.016635899066857203,0.06255971363595653,6.255971363595653,0.014643957751121064,1.4643957751121064,0.064815159975118,-0.013985095066600665,0.07880025504171867,7.880025504171867,0.025415032454258666,2.541503245425867,0.0935464613656311,-0.005068722894296267,0.09861518425992738,9.861518425992738,0.044238869235667416,4.423886923566742,0.10017220720678803,0.00942875402246067,0.09074345318432736,9.074345318432735,0.05480048061462435,5.480048061462435,0.06881009168161037,0.017138771615152423,0.05167132006645794,5.167132006645795,0.0429744316483814,4.29744316483814,0.034168003369136286,0.01316809909807734,0.020999904271058946,2.0999904271058947,0.023668051233606813,2.3668051233606815,0.0190516404935749,0.008165041150714598,0.010886599342860303,1.0886599342860304,0.01360834082214475,1.3608340822144749,0.008250135636900763,0.003697231644438541,0.004552903992462222,0.4552903992462222,0.005973683640669652,0.5973683640669653,1.3315,0.01286,-0.1551
fx63110,0.221821747,0.2046735465,0.3164281462,0.1426198725,0.3959333602,0.1209600197,0.351244825,-0.0992476453,-0.0271676304,-0.1000221134,0.0269319989,0.0099788052,0.0920327747,0.2535704484,1.528390655138871,2.7160835004765334,7.357553128015555,10.831015099970596,0.02,12.654780129560855,2.204843451196165,0.05432167000953067,0,1.1747552889764432,1.8199141437929078,5.601706615517023,9.487772262696549,0.02,11.356567526515846,1.228159823620924,0.03639828287585816,1,0.11033293395342353,11.033293395342353,0.292,0.04376780811631101,4.376780811631101,0.532,0.0,0.030556098250550445,-0.012669350592108749,0.04322544884265919,4.322544884265919,0.00894337382922085,0.8943373829220849,0.04685607380261949,-0.017473990588145343,0.06433006439076483,6.4330064390764825,0.014691041607237073,1.4691041607237074,0.06378236778497116,-0.02043556504719495,0.08421793283216611,8.42179328321661,0.02167340136888811,2.1673401368888108,0.08949980547634276,-0.01974684703005066,0.10924665250639343,10.924665250639343,0.034876479223146045,3.4876479223146046,0.08874570182182952,-0.0014832447298563374,0.09022894655168585,9.022894655168585,0.04363122854598659,4.363122854598659,0.05481980424406141,0.01752839433509072,0.03729140990897069,3.729140990897069,0.036174099289576066,3.6174099289576067,0.025705733634789014,0.015996321337796136,0.009709412296992879,0.9709412296992879,0.020851027486292577,2.0851027486292577,0.014556954787902037,0.010142297285286912,0.0044146575026151255,0.4414657502615126,0.012349626036594475,1.2349626036594474,0.006464004580098084,0.004646136687282261,0.001817867892815823,0.1817867892815823,0.005555070633690172,0.5555070633690172,1.2844,0.01361,-0.1392
s1020,0.1800410843,0.3788135332,0.1930040878,0.4620070612,0.2818491352,0.3508317369,0.4390211641,-0.1293538323,-0.0687326091,-0.1316578459,-0.036959612,-0.0059456946,-0.0058305602,0.1547506904,1.3131296185010968,2.5770400070190584,4.360937795522706,6.474063379683439,0.02,6.882165451622351,1.8930324665345304,0.05154080014038117,0,1.3023312822554658,1.9605409902048994,6.620406583295879,10.801138807864659,0.02,12.526332847252574,1.4344384308283358,0.03921081980409799,1,0.15065958693949816,15.065958693949815,0.3385,0.05017275455663741,5.017275455663741,0.5205,0.0,0.027956476381844203,-0.017015991981980148,0.04497246836382435,4.497246836382435,0.005470242199932028,0.5470242199932027,0.048261639454648675,-0.02445946951378457,0.07272110896843324,7.272110896843325,0.011901084970432052,1.1901084970432052,0.07285459873820445,-0.030338562630792668,0.10319316136899712,10.319316136899712,0.02125801805370589,2.125801805370589,0.11099372747182618,-0.034349343496142576,0.14534307096796875,14.534307096796875,0.0383221919878418,3.83221919878418,0.11799774494762669,-0.017817033123408522,0.1358147780710352,13.58147780710352,0.050090355912109086,5.009035591210909,0.0769899887525676,0.0030652212831613654,0.07392476746940624,7.392476746940623,0.04002760501786448,4.002760501786448,0.037220717111955064,0.007483907085121925,0.02973681002683314,2.973681002683314,0.022352312098538496,2.2352312098538496,0.02016499939587282,0.005464560470110457,0.014700438925762362,1.4700438925762362,0.012814779932991639,1.2814779932991638,0.00848561508730835,0.0027008495250905075,0.0057847655622178425,0.5784765562217843,0.005593232306199429,0.5593232306199428,1.2762,0.01405,-0.1484
hs1712,0.2247388399,0.3101625975,0.1896228872,0.3611223082,0.2331704861,0.3414566821,0.4416136494,-0.1510210238,0.0089634946,-0.07051612,0.035946488,-0.0345591564,0.0126852181,0.0572419507,1.5591211749766793,3.3191592921444495,6.477854759370116,9.059682619792511,0.02,9.54645732160213,2.378066473386654,0.06638318584288899,0,1.6309475421881277,2.4034864309163115,9.23324097225071,14.683940682404977,0.02,15.41560204960626,1.7539477125425065,0.04806972861832623,1,0.11481748232442696,11.481748232442696,0.2955,0.04825419494566211,4.825419494566211,0.448,0.0,0.032407325692778766,-0.0184596725545267,0.050866998247305464,5.086699824730546,0.0069738265691260334,0.6973826569126034,0.0517872965058455,-0.02358216003166066,0.07536945653750617,7.5369456537506165,0.01410256823709242,1.4102568237092419,0.07216252380241928,-0.023775913008089178,0.09593843681050845,9.593843681050846,0.02419330539716505,2.419330539716505,0.09883258533039552,-0.015350779151083373,0.1141833644814789,11.418336448147889,0.04174090308965607,4.174090308965607,0.10021258133455886,-0.004535903186462249,0.10474848452102112,10.474848452102112,0.0478383390740483,4.78383390740483,0.07027444832737077,0.0014872550804757004,0.06878719324689507,6.878719324689507,0.03588085170392324,3.5880851703923238,0.036441549075903384,0.003031292880359912,0.03341025619554347,3.341025619554347,0.01973642097813165,1.973642097813165,0.02006879637118511,0.0021461607673654076,0.017922635603819702,1.79226356038197,0.01110747856927526,1.110747856927526,0.008505315424832245,0.0010275143354187876,0.007477801089413458,0.7477801089413457,0.004766414880125516,0.4766414880125516,1.2746,0.01718,-0.1366
fx76mp160,0.2628418365,0.3807106623,0.3564606536,0.2571061926,0.6499837416,0.2026105423,0.4317899433,-0.1896640773,-0.0202210616,-0.1651931713,0.1242108502,-0.2071143381,0.1151889335,0.1935865432,1.5354697285977832,3.0156576955831396,5.636033335413454,7.836813287097544,0.02,10.641052174680517,2.642092675300894,0.060313153911662795,2,1.9042241861012208,2.868074938475986,10.216564962750605,15.584629653460413,0.02,18.028482788818124,2.1741595321368536,0.057361498769519716,3,0.16124882620036904,16.124882620036903,0.3145,0.06055224062727594,6.055224062727594,0.486,0.0,0.038271780449214546,-0.02371350658350321,0.06198528703271776,6.1985287032717755,0.007279136932855668,0.7279136932855668,0.062258600658281024,-0.031632691885353656,0.09389129254363468,9.389129254363468,0.015312954386463684,1.5312954386463684,0.08942266520926116,-0.03490714051567617,0.12432980572493733,12.432980572493733,0.027257762346792495,2.7257762346792496,0.12913068854284057,-0.029944767378231808,0.1590754559210724,15.907545592107239,0.049592960582304384,4.959296058230438,0.1349764579270832,-0.013957989216835553,0.14893444714391876,14.893444714391876,0.06050923435512383,6.050923435512383,0.08425492921045868,0.005372765366322406,0.07888216384413628,7.888216384413628,0.044813847288390544,4.481384728839054,0.035046757201009755,0.011850612075362808,0.023196145125646946,2.3196145125646948,0.023448684638186282,2.3448684638186283,0.018756397932985728,0.007942142405316186,0.010814255527669542,1.0814255527669543,0.013349270169150957,1.3349270169150957,0.008080201193539967,0.003620322016576934,0.0044598791769630336,0.44598791769630336,0.00585026160505845,0.585026160505845,1.2743,0.0148,-0.1414
hs1708,0.1718615492,0.2221170768,0.2509111317,0.1347185917,0.4092280092,0.1733666651,0.3034033391,-0.1164817563,0.0124771237,0.0784838359,-0.0094936679,0.086159459,0.0564769958,0.0767932872,1.2854801648893703,2.3605256544593036,5.799300144503883,9.012664547078135,0.02,10.505601450223534,1.7049261415078771,0.04721051308918607,0,1.5040960231968554,2.51046812783998,8.259111893900176,13.00499482121933,0.02,14.090732204818261,1.5527191852050706,0.0502093625567996,1,0.077911487753575,7.7911487753575,0.2225,0.05023936384763267,5.0239363847632665,0.4595,0.0,0.02463423093419813,-0.014053040363536197,0.038687271297734326,3.8687271297734327,0.005290595285330966,0.5290595285330966,0.03948637034668181,-0.017067228430480228,0.05655359877716204,5.655359877716204,0.01120957095810079,1.120957095810079,0.05612225810810539,-0.01417026374952564,0.07029252185763103,7.029252185763103,0.020975997179289874,2.0975997179289876,0.08106157987313233,0.00331719654611206,0.07774438332702026,7.774438332702026,0.042189388209622196,4.21893882096222,0.08532031234821197,0.014660380334386713,0.07065993201382526,7.0659932013825255,0.04999034634129934,4.999034634129934,0.057189849954804695,0.013139776389725424,0.04405007356507927,4.405007356507927,0.03516481317226506,3.516481317226506,0.02516089665256432,0.006570337917023171,0.01859055873554115,1.859055873554115,0.015865617284793746,1.5865617284793747,0.013454646599569207,0.003517536910719126,0.00993710968885008,0.9937109688850081,0.008486091755144167,0.8486091755144167,0.00573890209227772,0.0014775671737212892,0.004261334918556431,0.4261334918556431,0.0036082346329995045,0.36082346329995046,1.2502,0.01469,-0.1272
usa35b,0.216808725,0.2955673381,0.2017887926,0.3369240181,0.1466750637,0.2980011178,0.2046488734,-0.1596049626,0.0445678137,-0.1778027871,0.1203885534,-0.1233790417,0.0449128302,-0.0211019727,1.4833563107723076,3.1746353185281264,6.423484790283187,9.12654417487115,0.02,9.869018636069988,2.235331088216124,0.06349270637056253,1,1.6252695408250488,1.8813861569809567,9.452542978462755,15.558901181501586,0.02,16.94135096829915,1.7469192223149381,0.03762772313961914,2,0.11597651540818579,11.59765154081858,0.28500000000000003,0.04111844385642745,4.111844385642745,0.392,0.0,0.03122311806891654,-0.019058842136439002,0.05028196020535554,5.028196020535554,0.006082137966238769,0.6082137966238769,0.04989561873195723,-0.023826116010905396,0.07372173474286262,7.372173474286262,0.013034751360525915,1.3034751360525916,0.06970109477748042,-0.02416899992254794,0.09387009470002836,9.387009470002836,0.02276604742746624,2.276604742746624,0.09534969130106505,-0.019982442124319457,0.11533213342538451,11.53321334253845,0.037683624588372794,3.7683624588372795,0.0881027789303742,-0.00968835415492506,0.09779113308529926,9.779113308529926,0.03920721238772457,3.9207212387724573,0.051621242339252915,-0.003074057657520011,0.054695299996772924,5.469529999677293,0.024273592340866453,2.4273592340866452,0.022194212321495255,-0.0005600052672304287,0.022754217588725683,2.2754217588725685,0.010817103527132414,1.0817103527132415,0.010956947659598567,-0.0004196721356321193,0.011376619795230686,1.1376619795230687,0.0052686377619832235,0.5268637761983224,0.004246366830929039,-0.0002868158846575102,0.004533182715586549,0.45331827155865495,0.001979775473135764,0.19797754731357642,1.2414,0.01531,-0.0762
