perfil,Re,esperado,existente,ausente,cobertura_pct
2032c,200000,13,13,0,100.0
2032c,250000,13,12,1,92.3076923076923
2032c,300000,13,13,0,100.0
a18,200000,13,8,5,61.53846153846154
a18,250000,13,9,4,69.23076923076923
a18,300000,13,9,4,69.23076923076923
a18sm,200000,13,13,0,100.0
a18sm,250000,13,13,0,100.0
a18sm,300000,13,10,3,76.92307692307693
a63a108c,200000,13,13,0,100.0
a63a108c,250000,13,13,0,100.0
a63a108c,300000,13,12,1,92.3076923076923
ag03,200000,13,12,1,92.3076923076923
ag03,250000,13,13,0,100.0
ag03,300000,13,13,0,100.0
ag04,200000,13,13,0,100.0
ag04,250000,13,12,1,92.3076923076923
ag04,300000,13,13,0,100.0
ag08,200000,13,10,3,76.92307692307693
ag08,250000,13,12,1,92.3076923076923
ag08,300000,13,10,3,76.92307692307693
ag09,200000,13,9,4,69.23076923076923
ag09,250000,13,10,3,76.92307692307693
ag09,300000,13,10,3,76.92307692307693
ag10,200000,13,11,2,84.61538461538461
ag10,250000,13,10,3,76.92307692307693
ag10,300000,13,12,1,92.3076923076923
ag11,200000,13,13,0,100.0
ag11,250000,13,13,0,100.0
ag11,300000,13,13,0,100.0
ag12,200000,13,13,0,100.0
ag12,250000,13,12,1,92.3076923076923
ag12,300000,13,12,1,92.3076923076923
ag13,200000,13,11,2,84.61538461538461
ag13,250000,13,13,0,100.0
ag13,300000,13,12,1,92.3076923076923
ag14,200000,13,13,0,100.0
ag14,250000,13,10,3,76.92307692307693
ag14,300000,13,13,0,100.0
ag16,200000,13,11,2,84.61538461538461
ag16,250000,13,10,3,76.92307692307693
ag16,300000,13,12,1,92.3076923076923
ag17,200000,13,12,1,92.3076923076923
ag17,250000,13,10,3,76.92307692307693
ag17,300000,13,12,1,92.3076923076923
ag18,200000,13,13,0,100.0
ag18,250000,13,13,0,100.0
ag18,300000,13,10,3,76.92307692307693
ag19,200000,13,12,1,92.3076923076923
ag19,250000,13,12,1,92.3076923076923
ag19,300000,13,12,1,92.3076923076923
ag23,200000,13,13,0,100.0
ag23,250000,13,13,0,100.0
ag23,300000,13,13,0,100.0
ag24,200000,13,12,1,92.3076923076923
ag24,250000,13,12,1,92.3076923076923
ag24,300000,13,13,0,100.0
ag25,200000,13,13,0,100.0
ag25,250000,13,13,0,100.0
ag25,300000,13,13,0,100.0
ag26,200000,13,13,0,100.0
ag26,250000,13,13,0,100.0
ag26,300000,13,13,0,100.0
ag27,200000,13,12,1,92.3076923076923
ag27,250000,13,13,0,100.0
ag27,300000,13,13,0,100.0
ag52,200000,13,13,0,100.0
ag52,250000,13,13,0,100.0
ag52,300000,13,13,0,100.0
ag53,200000,13,13,0,100.0
ag53,250000,13,13,0,100.0
ag53,300000,13,13,0,100.0
ag54,200000,13,13,0,100.0
ag54,250000,13,12,1,92.3076923076923
ag54,300000,13,13,0,100.0
ah21-7,200000,13,10,3,76.92307692307693
ah21-7,250000,13,12,1,92.3076923076923
ah21-7,300000,13,12,1,92.3076923076923
ah21-9,200000,13,9,4,69.23076923076923
ah21-9,250000,13,10,3,76.92307692307693
ah21-9,300000,13,11,2,84.61538461538461
ah63k127,200000,13,13,0,100.0
ah63k127,250000,13,13,0,100.0
ah63k127,300000,13,13,0,100.0
ah79k132,200000,13,12,1,92.3076923076923
ah79k132,250000,13,13,0,100.0
ah79k132,300000,13,12,1,92.3076923076923
ah79k135,200000,13,13,0,100.0
ah79k135,250000,13,13,0,100.0
ah79k135,300000,13,13,0,100.0
ah79k143,200000,13,12,1,92.3076923076923
ah79k143,250000,13,12,1,92.3076923076923
ah79k143,300000,13,12,1,92.3076923076923
ah81k144,200000,13,8,5,61.53846153846154
ah81k144,250000,13,12,1,92.3076923076923
ah81k144,300000,13,12,1,92.3076923076923
ah85l120,200000,13,7,6,53.84615384615385
ah85l120,250000,13,8,5,61.53846153846154
ah85l120,300000,13,8,5,61.53846153846154
ah88k130,200000,13,10,3,76.92307692307693
ah88k130,250000,13,12,1,92.3076923076923
ah88k130,300000,13,13,0,100.0
ah88k136,200000,13,13,0,100.0
ah88k136,250000,13,13,0,100.0
ah88k136,300000,13,11,2,84.61538461538461
ah93k130,200000,13,12,1,92.3076923076923
ah93k130,250000,13,13,0,100.0
ah93k130,300000,13,13,0,100.0
ah93k131,200000,13,12,1,92.3076923076923
ah93k131,250000,13,11,2,84.61538461538461
ah93k131,300000,13,13,0,100.0
ah93k132,200000,13,12,1,92.3076923076923
ah93k132,250000,13,13,0,100.0
ah93k132,300000,13,13,0,100.0
as5045,200000,13,13,0,100.0
as5045,250000,13,13,0,100.0
as5045,300000,13,13,0,100.0
as5046,200000,13,13,0,100.0
as5046,250000,13,13,0,100.0
as5046,300000,13,13,0,100.0
as5048,200000,13,13,0,100.0
as5048,250000,13,12,1,92.3076923076923
as5048,300000,13,13,0,100.0
as6091,200000,13,12,1,92.3076923076923
as6091,250000,13,13,0,100.0
as6091,300000,13,13,0,100.0
as6092,200000,13,12,1,92.3076923076923
as6092,250000,13,13,0,100.0
as6092,300000,13,12,1,92.3076923076923
as6093,200000,13,11,2,84.61538461538461
as6093,250000,13,13,0,100.0
as6093,300000,13,13,0,100.0
as6094,200000,13,13,0,100.0
as6094,250000,13,13,0,100.0
as6094,300000,13,13,0,100.0
as6095,200000,13,13,0,100.0
as6095,250000,13,12,1,92.3076923076923
as6095,300000,13,13,0,100.0
bacnlf,200000,13,8,5,61.53846153846154
bacnlf,250000,13,8,5,61.53846153846154
bacnlf,300000,13,7,6,53.84615384615385
clarky,200000,13,13,0,100.0
clarky,250000,13,13,0,100.0
clarky,300000,13,13,0,100.0
clarkyh,200000,13,13,0,100.0
clarkyh,250000,13,13,0,100.0
clarkyh,300000,13,13,0,100.0
clarkz,200000,13,13,0,100.0
clarkz,250000,13,13,0,100.0
clarkz,300000,13,13,0,100.0
e168,200000,13,13,0,100.0
e168,250000,13,13,0,100.0
e168,300000,13,12,1,92.3076923076923
e169,200000,13,13,0,100.0
e169,250000,13,13,0,100.0
e169,300000,13,13,0,100.0
e171,200000,13,13,0,100.0
e171,250000,13,12,1,92.3076923076923
e171,300000,13,13,0,100.0
e174,200000,13,13,0,100.0
e174,250000,13,13,0,100.0
e174,300000,13,13,0,100.0
e176,200000,13,13,0,100.0
e176,250000,13,13,0,100.0
e176,300000,13,13,0,100.0
e193,200000,13,13,0,100.0
e193,250000,13,13,0,100.0
e193,300000,13,13,0,100.0
e197,200000,13,13,0,100.0
e197,250000,13,13,0,100.0
e197,300000,13,13,0,100.0
e201,200000,13,13,0,100.0
e201,250000,13,13,0,100.0
e201,300000,13,13,0,100.0
e205,200000,13,13,0,100.0
e205,250000,13,13,0,100.0
e205,300000,13,13,0,100.0
e207,200000,13,12,1,92.3076923076923
e207,250000,13,13,0,100.0
e207,300000,13,12,1,92.3076923076923
e210,200000,13,13,0,100.0
e210,250000,13,13,0,100.0
e210,300000,13,13,0,100.0
e212,200000,13,13,0,100.0
e212,250000,13,13,0,100.0
e212,300000,13,13,0,100.0
e214,200000,13,13,0,100.0
e214,250000,13,13,0,100.0
e214,300000,13,13,0,100.0
e216,200000,13,13,0,100.0
e216,250000,13,13,0,100.0
e216,300000,13,13,0,100.0
e220,200000,13,13,0,100.0
e220,250000,13,13,0,100.0
e220,300000,13,13,0,100.0
e221,200000,13,13,0,100.0
e221,250000,13,13,0,100.0
e221,300000,13,13,0,100.0
e224,200000,13,13,0,100.0
e224,250000,13,13,0,100.0
e224,300000,13,13,0,100.0
e228,200000,13,13,0,100.0
e228,250000,13,12,1,92.3076923076923
e228,300000,13,13,0,100.0
e230,200000,13,10,3,76.92307692307693
e230,250000,13,10,3,76.92307692307693
e230,300000,13,10,3,76.92307692307693
e231,200000,13,13,0,100.0
e231,250000,13,13,0,100.0
e231,300000,13,13,0,100.0
e374,200000,13,13,0,100.0
e374,250000,13,13,0,100.0
e374,300000,13,13,0,100.0
e376,200000,13,13,0,100.0
e376,250000,13,13,0,100.0
e376,300000,13,2,11,15.384615384615385
e377,200000,13,13,0,100.0
e377,250000,13,1,12,7.6923076923076925
e377,300000,13,12,1,92.3076923076923
e387,200000,13,13,0,100.0
e387,250000,13,13,0,100.0
e387,300000,13,13,0,100.0
e423,200000,13,13,0,100.0
e423,250000,13,13,0,100.0
e423,300000,13,12,1,92.3076923076923
e431,200000,13,13,0,100.0
e431,250000,13,13,0,100.0
e431,300000,13,13,0,100.0
fx60100,200000,13,13,0,100.0
fx60100,250000,13,13,0,100.0
fx60100,300000,13,13,0,100.0
fx60126,200000,13,13,0,100.0
fx60126,250000,13,13,0,100.0
fx60126,300000,13,13,0,100.0
fx61140,200000,13,13,0,100.0
fx61140,250000,13,12,1,92.3076923076923
fx61140,300000,13,13,0,100.0
fx63110,200000,13,13,0,100.0
fx63110,250000,13,12,1,92.3076923076923
fx63110,300000,13,12,1,92.3076923076923
fx63137,200000,13,13,0,100.0
fx63137,250000,13,13,0,100.0
fx63137,300000,13,12,1,92.3076923076923
fx63158,200000,13,13,0,100.0
fx63158,250000,13,13,0,100.0
fx63158,300000,13,11,2,84.61538461538461
fx66s196,200000,13,9,4,69.23076923076923
fx66s196,250000,13,13,0,100.0
fx66s196,300000,13,13,0,100.0
fx67k170,200000,13,10,3,76.92307692307693
fx67k170,250000,13,4,9,30.76923076923077
fx67k170,300000,13,12,1,92.3076923076923
fx68h120,200000,13,13,0,100.0
fx68h120,250000,13,13,0,100.0
fx68h120,300000,13,13,0,100.0
fx69h083,200000,13,10,3,76.92307692307693
fx69h083,250000,13,9,4,69.23076923076923
fx69h083,300000,13,9,4,69.23076923076923
fx71l150,200000,13,13,0,100.0
fx71l150,250000,13,13,0,100.0
fx71l150,300000,13,13,0,100.0
fx73cl2152,200000,13,13,0,100.0
fx73cl2152,250000,13,13,0,100.0
fx73cl2152,300000,13,13,0,100.0
fx74cl5140,200000,13,10,3,76.92307692307693
fx74cl5140,250000,13,12,1,92.3076923076923
fx74cl5140,300000,13,0,13,0.0
fx76mp160,200000,13,13,0,100.0
fx76mp160,250000,13,13,0,100.0
fx76mp160,300000,13,13,0,100.0
fx77w153,200000,13,13,0,100.0
fx77w153,250000,13,13,0,100.0
fx77w153,300000,13,13,0,100.0
fx78k140,200000,13,9,4,69.23076923076923
fx78k140,250000,13,9,4,69.23076923076923
fx78k140,300000,13,10,3,76.92307692307693
goe222,200000,13,13,0,100.0
goe222,250000,13,13,0,100.0
goe222,300000,13,13,0,100.0
goe223,200000,13,13,0,100.0
goe223,250000,13,13,0,100.0
goe223,300000,13,13,0,100.0
goe387,200000,13,13,0,100.0
goe387,250000,13,12,1,92.3076923076923
goe387,300000,13,13,0,100.0
goe398,200000,13,13,0,100.0
goe398,250000,13,13,0,100.0
goe398,300000,13,13,0,100.0
hs1404,200000,13,7,6,53.84615384615385
hs1404,250000,13,7,6,53.84615384615385
hs1404,300000,13,7,6,53.84615384615385
hs1430,200000,13,13,0,100.0
hs1430,250000,13,12,1,92.3076923076923
hs1430,300000,13,12,1,92.3076923076923
hs1606,200000,13,12,1,92.3076923076923
hs1606,250000,13,10,3,76.92307692307693
hs1606,300000,13,10,3,76.92307692307693
hs1620,200000,13,13,0,100.0
hs1620,250000,13,13,0,100.0
hs1620,300000,13,13,0,100.0
hs1708,200000,13,13,0,100.0
hs1708,250000,13,13,0,100.0
hs1708,300000,13,12,1,92.3076923076923
hs1712,200000,13,13,0,100.0
hs1712,250000,13,13,0,100.0
hs1712,300000,13,13,0,100.0
jx-gs-04,200000,13,13,0,100.0
jx-gs-04,250000,13,13,0,100.0
jx-gs-04,300000,13,13,0,100.0
jx-gs-06,200000,13,10,3,76.92307692307693
jx-gs-06,250000,13,13,0,100.0
jx-gs-06,300000,13,13,0,100.0
jx-gs-10,200000,13,11,2,84.61538461538461
jx-gs-10,250000,13,10,3,76.92307692307693
jx-gs-10,300000,13,13,0,100.0
jx-gs-15,200000,13,13,0,100.0
jx-gs-15,250000,13,12,1,92.3076923076923
jx-gs-15,300000,13,11,2,84.61538461538461
kc135winglet,200000,13,12,1,92.3076923076923
kc135winglet,250000,13,13,0,100.0
kc135winglet,300000,13,13,0,100.0
l1003,200000,13,6,7,46.15384615384615
l1003,250000,13,4,9,30.76923076923077
l1003,300000,13,8,5,61.53846153846154
la5055,200000,13,10,3,76.92307692307693
la5055,250000,13,4,9,30.76923076923077
la5055,300000,13,12,1,92.3076923076923
lrn1015,200000,13,9,4,69.23076923076923
lrn1015,250000,13,12,1,92.3076923076923
lrn1015,300000,13,13,0,100.0
mh114,200000,13,13,0,100.0
mh114,250000,13,11,2,84.61538461538461
mh114,300000,13,13,0,100.0
mh20,200000,13,12,1,92.3076923076923
mh20,250000,13,12,1,92.3076923076923
mh20,300000,13,10,3,76.92307692307693
mh22,200000,13,9,4,69.23076923076923
mh22,250000,13,9,4,69.23076923076923
mh22,300000,13,8,5,61.53846153846154
mh24,200000,13,13,0,100.0
mh24,250000,13,13,0,100.0
mh24,300000,13,13,0,100.0
mh26,200000,13,13,0,100.0
mh26,250000,13,13,0,100.0
mh26,300000,13,13,0,100.0
mh27,200000,13,10,3,76.92307692307693
mh27,250000,13,11,2,84.61538461538461
mh27,300000,13,13,0,100.0
mh30,200000,13,11,2,84.61538461538461
mh30,250000,13,13,0,100.0
mh30,300000,13,11,2,84.61538461538461
mh32,200000,13,11,2,84.61538461538461
mh32,250000,13,13,0,100.0
mh32,300000,13,13,0,100.0
mh33,200000,13,10,3,76.92307692307693
mh33,250000,13,12,1,92.3076923076923
mh33,300000,13,13,0,100.0
mh43,200000,13,13,0,100.0
mh43,250000,13,13,0,100.0
mh43,300000,13,13,0,100.0
mh44,200000,13,13,0,100.0
mh44,250000,13,13,0,100.0
mh44,300000,13,13,0,100.0
mh45,200000,13,13,0,100.0
mh45,250000,13,13,0,100.0
mh45,300000,13,13,0,100.0
mh60,200000,13,13,0,100.0
mh60,250000,13,13,0,100.0
mh60,300000,13,13,0,100.0
mh61,200000,13,13,0,100.0
mh61,250000,13,13,0,100.0
mh61,300000,13,13,0,100.0
mh70,200000,13,13,0,100.0
mh70,250000,13,13,0,100.0
mh70,300000,13,13,0,100.0
mh91,200000,13,13,0,100.0
mh91,250000,13,13,0,100.0
mh91,300000,13,13,0,100.0
naca0008,200000,13,9,4,69.23076923076923
naca0008,250000,13,10,3,76.92307692307693
naca0008,300000,13,12,1,92.3076923076923
naca0010,200000,13,13,0,100.0
naca0010,250000,13,13,0,100.0
naca0010,300000,13,12,1,92.3076923076923
naca0015,200000,13,13,0,100.0
naca0015,250000,13,12,1,92.3076923076923
naca0015,300000,13,13,0,100.0
naca0018,200000,13,13,0,100.0
naca0018,250000,13,12,1,92.3076923076923
naca0018,300000,13,12,1,92.3076923076923
naca1408,200000,13,10,3,76.92307692307693
naca1408,250000,13,11,2,84.61538461538461
naca1408,300000,13,9,4,69.23076923076923
naca1410,200000,13,13,0,100.0
naca1410,250000,13,13,0,100.0
naca1410,300000,13,13,0,100.0
naca1412,200000,13,13,0,100.0
naca1412,250000,13,13,0,100.0
naca1412,300000,13,13,0,100.0
naca23012,200000,13,13,0,100.0
naca23012,250000,13,13,0,100.0
naca23012,300000,13,13,0,100.0
naca23015,200000,13,13,0,100.0
naca23015,250000,13,13,0,100.0
naca23015,300000,13,12,1,92.3076923076923
naca2408,200000,13,11,2,84.61538461538461
naca2408,250000,13,12,1,92.3076923076923
naca2408,300000,13,13,0,100.0
naca2410,200000,13,13,0,100.0
naca2410,250000,13,13,0,100.0
naca2410,300000,13,13,0,100.0
naca2412,200000,13,13,0,100.0
naca2412,250000,13,13,0,100.0
naca2412,300000,13,12,1,92.3076923076923
naca2415,200000,13,13,0,100.0
naca2415,250000,13,13,0,100.0
naca2415,300000,13,13,0,100.0
naca2421,200000,13,13,0,100.0
naca2421,250000,13,13,0,100.0
naca2421,300000,13,13,0,100.0
naca4412,200000,13,13,0,100.0
naca4412,250000,13,13,0,100.0
naca4412,300000,13,13,0,100.0
naca4415,200000,13,12,1,92.3076923076923
naca4415,250000,13,13,0,100.0
naca4415,300000,13,13,0,100.0
naca4421,200000,13,13,0,100.0
naca4421,250000,13,13,0,100.0
naca4421,300000,13,13,0,100.0
npl9510,200000,13,9,4,69.23076923076923
npl9510,250000,13,13,0,100.0
npl9510,300000,13,9,4,69.23076923076923
rae2822,200000,13,9,4,69.23076923076923
rae2822,250000,13,10,3,76.92307692307693
rae2822,300000,13,10,3,76.92307692307693
raf15,200000,13,13,0,100.0
raf15,250000,13,13,0,100.0
raf15,300000,13,13,0,100.0
raf19,200000,13,13,0,100.0
raf19,250000,13,0,13,0.0
raf19,300000,13,12,1,92.3076923076923
rg14,200000,13,13,0,100.0
rg14,250000,13,13,0,100.0
rg14,300000,13,13,0,100.0
rg15,200000,13,13,0,100.0
rg15,250000,13,13,0,100.0
rg15,300000,13,13,0,100.0
rg8,200000,13,11,2,84.61538461538461
rg8,250000,13,12,1,92.3076923076923
rg8,300000,13,13,0,100.0
s1010,200000,13,12,1,92.3076923076923
s1010,250000,13,12,1,92.3076923076923
s1010,300000,13,10,3,76.92307692307693
s1012,200000,13,13,0,100.0
s1012,250000,13,13,0,100.0
s1012,300000,13,13,0,100.0
s1014,200000,13,11,2,84.61538461538461
s1014,250000,13,13,0,100.0
s1014,300000,13,12,1,92.3076923076923
s1016,200000,13,13,0,100.0
s1016,250000,13,11,2,84.61538461538461
s1016,300000,13,12,1,92.3076923076923
s1020,200000,13,13,0,100.0
s1020,250000,13,13,0,100.0
s1020,300000,13,13,0,100.0
s102b,200000,13,13,0,100.0
s102b,250000,13,13,0,100.0
s102b,300000,13,13,0,100.0
s102s,200000,13,13,0,100.0
s102s,250000,13,13,0,100.0
s102s,300000,13,13,0,100.0
s1046,200000,13,13,0,100.0
s1046,250000,13,10,3,76.92307692307693
s1046,300000,13,13,0,100.0
s1091,200000,13,13,0,100.0
s1091,250000,13,13,0,100.0
s1091,300000,13,0,13,0.0
s1210,200000,13,13,0,100.0
s1210,250000,13,13,0,100.0
s1210,300000,13,13,0,100.0
s1221,200000,13,13,0,100.0
s1221,250000,13,13,0,100.0
s1221,300000,13,13,0,100.0
s1223,200000,13,13,0,100.0
s1223,250000,13,13,0,100.0
s1223,300000,13,13,0,100.0
s2027,200000,13,13,0,100.0
s2027,250000,13,13,0,100.0
s2027,300000,13,13,0,100.0
s2048,200000,13,13,0,100.0
s2048,250000,13,13,0,100.0
s2048,300000,13,13,0,100.0
s2091,200000,13,13,0,100.0
s2091,250000,13,13,0,100.0
s2091,300000,13,13,0,100.0
s3021,200000,13,13,0,100.0
s3021,250000,13,13,0,100.0
s3021,300000,13,13,0,100.0
s4061,200000,13,13,0,100.0
s4061,250000,13,13,0,100.0
s4061,300000,13,13,0,100.0
s4094,200000,13,13,0,100.0
s4094,250000,13,13,0,100.0
s4094,300000,13,13,0,100.0
s4095,200000,13,13,0,100.0
s4095,250000,13,13,0,100.0
s4095,300000,13,13,0,100.0
s4096,200000,13,13,0,100.0
s4096,250000,13,13,0,100.0
s4096,300000,13,13,0,100.0
s4110,200000,13,13,0,100.0
s4110,250000,13,13,0,100.0
s4110,300000,13,13,0,100.0
s4158,200000,13,13,0,100.0
s4158,250000,13,13,0,100.0
s4158,300000,13,13,0,100.0
s4180,200000,13,13,0,100.0
s4180,250000,13,13,0,100.0
s4180,300000,13,13,0,100.0
s8064,200000,13,13,0,100.0
s8064,250000,13,12,1,92.3076923076923
s8064,300000,13,13,0,100.0
s8065,200000,13,13,0,100.0
s8065,250000,13,12,1,92.3076923076923
s8065,300000,13,13,0,100.0
s8066,200000,13,8,5,61.53846153846154
s8066,250000,13,13,0,100.0
s8066,300000,13,13,0,100.0
sa7024,200000,13,13,0,100.0
sa7024,250000,13,13,0,100.0
sa7024,300000,13,11,2,84.61538461538461
sa7026,200000,13,13,0,100.0
sa7026,250000,13,13,0,100.0
sa7026,300000,13,13,0,100.0
sa7035,200000,13,13,0,100.0
sa7035,250000,13,13,0,100.0
sa7035,300000,13,12,1,92.3076923076923
sa7036,200000,13,13,0,100.0
sa7036,250000,13,13,0,100.0
sa7036,300000,13,12,1,92.3076923076923
sa7038,200000,13,13,0,100.0
sa7038,250000,13,13,0,100.0
sa7038,300000,13,12,1,92.3076923076923
sd2030,200000,13,13,0,100.0
sd2030,250000,13,12,1,92.3076923076923
sd2030,300000,13,13,0,100.0
sd7003,200000,13,13,0,100.0
sd7003,250000,13,13,0,100.0
sd7003,300000,13,12,1,92.3076923076923
sd7032,200000,13,13,0,100.0
sd7032,250000,13,12,1,92.3076923076923
sd7032,300000,13,13,0,100.0
sd7037,200000,13,13,0,100.0
sd7037,250000,13,13,0,100.0
sd7037,300000,13,13,0,100.0
sd7062,200000,13,13,0,100.0
sd7062,250000,13,13,0,100.0
sd7062,300000,13,13,0,100.0
sd7080,200000,13,13,0,100.0
sd7080,250000,13,13,0,100.0
sd7080,300000,13,13,0,100.0
sd8020,200000,13,13,0,100.0
sd8020,250000,13,13,0,100.0
sd8020,300000,13,12,1,92.3076923076923
sd8040,200000,13,13,0,100.0
sd8040,250000,13,13,0,100.0
sd8040,300000,13,13,0,100.0
sg6040,200000,13,13,0,100.0
sg6040,250000,13,13,0,100.0
sg6040,300000,13,13,0,100.0
sg6041,200000,13,12,1,92.3076923076923
sg6041,250000,13,13,0,100.0
sg6041,300000,13,13,0,100.0
sg6042,200000,13,13,0,100.0
sg6042,250000,13,13,0,100.0
sg6042,300000,13,13,0,100.0
sg6043,200000,13,13,0,100.0
sg6043,250000,13,13,0,100.0
sg6043,300000,13,13,0,100.0
sg6050,200000,13,13,0,100.0
sg6050,250000,13,13,0,100.0
sg6050,300000,13,12,1,92.3076923076923
sg6051,200000,13,13,0,100.0
sg6051,250000,13,13,0,100.0
sg6051,300000,13,13,0,100.0
usa35b,200000,13,13,0,100.0
usa35b,250000,13,13,0,100.0
usa35b,300000,13,13,0,100.0
usa45,200000,13,13,0,100.0
usa45,250000,13,13,0,100.0
usa45,300000,13,13,0,100.0
w1011,200000,13,13,0,100.0
w1011,250000,13,13,0,100.0
w1011,300000,13,13,0,100.0
w1015,200000,13,13,0,100.0
w1015,250000,13,13,0,100.0
w1015,300000,13,13,0,100.0
