perfil,arquivo,formato_original,acao,status,erro
2032c,2032c.dat,selig,copiado,OK,
a18,a18.dat,selig,copiado,OK,
a18sm,a18sm.dat,selig,copiado,OK,
a63a108c,a63a108c.dat,lednicer,convertido_para_selig,OK,
ag03,ag03.dat,selig,copiado,OK,
ag04,ag04.dat,selig,copiado,OK,
ag08,ag08.dat,selig,copiado,OK,
ag09,ag09.dat,selig,copiado,OK,
ag10,ag10.dat,selig,copiado,OK,
ag11,ag11.dat,selig,copiado,OK,
ag12,ag12.dat,selig,copiado,OK,
ag13,ag13.dat,selig,copiado,OK,
ag14,ag14.dat,selig,copiado,OK,
ag16,ag16.dat,selig,copiado,OK,
ag17,ag17.dat,selig,copiado,OK,
ag18,ag18.dat,selig,copiado,OK,
ag19,ag19.dat,selig,copiado,OK,
ag23,ag23.dat,selig,copiado,OK,
ag24,ag24.dat,selig,copiado,OK,
ag25,ag25.dat,selig,copiado,OK,
ag26,ag26.dat,selig,copiado,OK,
ag27,ag27.dat,selig,copiado,OK,
ag52,ag52.dat,selig,copiado,OK,
ag53,ag53.dat,selig,copiado,OK,
ag54,ag54.dat,selig,copiado,OK,
ah21-7,ah21-7.dat,selig,copiado,OK,
ah21-9,ah21-9.dat,selig,copiado,OK,
ah63k127,ah63k127.dat,selig,copiado,OK,
ah79k132,ah79k132.dat,selig,copiado,OK,
ah79k135,ah79k135.dat,selig,copiado,OK,
ah79k143,ah79k143.dat,selig,copiado,OK,
ah81k144,ah81k144.dat,selig,copiado,OK,
ah85l120,ah85l120.dat,selig,copiado,OK,
ah88k130,ah88k130.dat,selig,copiado,OK,
ah88k136,ah88k136.dat,selig,copiado,OK,
ah93k130,ah93k130.dat,selig,copiado,OK,
ah93k131,ah93k131.dat,selig,copiado,OK,
ah93k132,ah93k132.dat,selig,copiado,OK,
as5045,as5045.dat,selig,copiado,OK,
as5046,as5046.dat,selig,copiado,OK,
as5048,as5048.dat,selig,copiado,OK,
as6091,as6091.dat,selig,copiado,OK,
as6092,as6092.dat,selig,copiado,OK,
as6093,as6093.dat,selig,copiado,OK,
as6094,as6094.dat,selig,copiado,OK,
as6095,as6095.dat,selig,copiado,OK,
bacnlf,bacnlf.dat,selig,copiado,OK,
clarky,clarky.dat,lednicer,convertido_para_selig,OK,
clarkyh,clarkyh.dat,lednicer,convertido_para_selig,OK,
clarkz,clarkz.dat,lednicer,convertido_para_selig,OK,
e168,e168.dat,selig,copiado,OK,
e169,e169.dat,selig,copiado,OK,
e171,e171.dat,selig,copiado,OK,
e174,e174.dat,selig,copiado,OK,
e176,e176.dat,selig,copiado,OK,
e193,e193.dat,selig,copiado,OK,
e197,e197.dat,selig,copiado,OK,
e201,e201.dat,selig,copiado,OK,
e205,e205.dat,selig,copiado,OK,
e207,e207.dat,selig,copiado,OK,
e210,e210.dat,selig,copiado,OK,
e212,e212.dat,selig,copiado,OK,
e214,e214.dat,selig,copiado,OK,
e216,e216.dat,selig,copiado,OK,
e220,e220.dat,selig,copiado,OK,
e221,e221.dat,selig,copiado,OK,
e224,e224.dat,selig,copiado,OK,
e228,e228.dat,selig,copiado,OK,
e230,e230.dat,selig,copiado,OK,
e231,e231.dat,selig,copiado,OK,
e374,e374.dat,selig,copiado,OK,
e376,e376.dat,lednicer,convertido_para_selig,OK,
e377,e377.dat,lednicer,convertido_para_selig,OK,
e387,e387.dat,selig,copiado,OK,
e423,e423.dat,selig,copiado,OK,
e431,e431.dat,lednicer,convertido_para_selig,OK,
fx60100,fx60100.dat,lednicer,convertido_para_selig,OK,
fx60126,fx60126.dat,lednicer,convertido_para_selig,OK,
fx61140,fx61140.dat,lednicer,convertido_para_selig,OK,
fx62k131,fx62k131.dat,lednicer,convertido_para_selig,OK,
fx63110,fx63110.dat,lednicer,convertido_para_selig,OK,
fx63137,fx63137.dat,lednicer,convertido_para_selig,OK,
fx63158,fx63158.dat,lednicer,convertido_para_selig,OK,
fx66s196,fx66s196.dat,lednicer,convertido_para_selig,OK,
fx67k170,fx67k170.dat,lednicer,convertido_para_selig,OK,
fx68h120,fx68h120.dat,selig,copiado,OK,
fx69h083,fx69h083.dat,lednicer,convertido_para_selig,OK,
fx71l150,fx71l150.dat,lednicer,convertido_para_selig,OK,
fx73cl2152,fx73cl2152.dat,selig,copiado,OK,
fx74cl5140,fx74cl5140.dat,selig,copiado,OK,
fx76mp160,fx76mp160.dat,selig,copiado,OK,
fx77w153,fx77w153.dat,lednicer,convertido_para_selig,OK,
fx78k140,fx78k140.dat,selig,copiado,OK,
goe222,goe222.dat,lednicer,convertido_para_selig,OK,
goe223,goe223.dat,lednicer,convertido_para_selig,OK,
goe387,goe387.dat,lednicer,convertido_para_selig,OK,
goe398,goe398.dat,lednicer,convertido_para_selig,OK,
hs1404,hs1404.dat,selig,copiado,OK,
hs1430,hs1430.dat,selig,copiado,OK,
hs1606,hs1606.dat,selig,copiado,OK,
hs1620,hs1620.dat,selig,copiado,OK,
hs1708,hs1708.dat,selig,copiado,OK,
hs1712,hs1712.dat,selig,copiado,OK,
jx-gs-04,jx-gs-04.dat,selig,copiado,OK,
jx-gs-06,jx-gs-06.dat,selig,copiado,OK,
jx-gs-10,jx-gs-10.dat,selig,copiado,OK,
jx-gs-15,jx-gs-15.dat,selig,copiado,OK,
kc135winglet,kc135winglet.dat,selig,copiado,OK,
l1003,l1003.dat,selig,copiado,OK,
la5055,la5055.dat,selig,copiado,OK,
lrn1015,lrn1015.dat,selig,copiado,OK,
mh114,mh114.dat,selig,copiado,OK,
mh20,mh20.dat,selig,copiado,OK,
mh22,mh22.dat,selig,copiado,OK,
mh24,mh24.dat,selig,copiado,OK,
mh26,mh26.dat,selig,copiado,OK,
mh27,mh27.dat,selig,copiado,OK,
mh30,mh30.dat,selig,copiado,OK,
mh32,mh32.dat,selig,copiado,OK,
mh33,mh33.dat,selig,copiado,OK,
mh43,mh43.dat,selig,copiado,OK,
mh44,mh44.dat,selig,copiado,OK,
mh45,mh45.dat,selig,copiado,OK,
mh60,mh60.dat,selig,copiado,OK,
mh61,mh61.dat,selig,copiado,OK,
mh70,mh70.dat,selig,copiado,OK,
mh91,mh91.dat,selig,copiado,OK,
naca0008,naca0008.dat,selig,copiado,OK,
naca0010,naca0010.dat,selig,copiado,OK,
naca0015,naca0015.dat,selig,copiado,OK,
naca0018,naca0018.dat,selig,copiado,OK,
naca1408,naca1408.dat,selig,copiado,OK,
naca1410,naca1410.dat,selig,copiado,OK,
naca1412,naca1412.dat,selig,copiado,OK,
naca23012,naca23012.dat,selig,copiado,OK,
naca23015,naca23015.dat,selig,copiado,OK,
naca2408,naca2408.dat,selig,copiado,OK,
naca2410,naca2410.dat,selig,copiado,OK,
naca2412,naca2412.dat,selig,copiado,OK,
naca2415,naca2415.dat,selig,copiado,OK,
naca2421,naca2421.dat,selig,copiado,OK,
naca4412,naca4412.dat,selig,copiado,OK,
naca4415,naca4415.dat,selig,copiado,OK,
naca4421,naca4421.dat,selig,copiado,OK,
npl9510,npl9510.dat,lednicer,convertido_para_selig,OK,
rae2822,rae2822.dat,lednicer,convertido_para_selig,OK,
raf15,raf15.dat,lednicer,convertido_para_selig,OK,
raf19,raf19.dat,lednicer,convertido_para_selig,OK,
rg14,rg14.dat,lednicer,convertido_para_selig,OK,
rg15,rg15.dat,selig,copiado,OK,
rg8,rg8.dat,lednicer,convertido_para_selig,OK,
s1010,s1010.dat,selig,copiado,OK,
s1012,s1012.dat,selig,copiado,OK,
s1014,s1014.dat,selig,copiado,OK,
s1016,s1016.dat,selig,copiado,OK,
s1020,s1020.dat,selig,copiado,OK,
s102b,s102b.dat,selig,copiado,OK,
s102s,s102s.dat,selig,copiado,OK,
s1046,s1046.dat,selig,copiado,OK,
s1091,s1091.dat,selig,copiado,OK,
s1210,s1210.dat,selig,copiado,OK,
s1221,s1221.dat,selig,copiado,OK,
s1223,s1223.dat,selig,copiado,OK,
s2027,s2027.dat,selig,copiado,OK,
s2048,s2048.dat,selig,copiado,OK,
s2091,s2091.dat,selig,copiado,OK,
s3021,s3021.dat,selig,copiado,OK,
s4061,s4061.dat,selig,copiado,OK,
s4094,s4094.dat,selig,copiado,OK,
s4095,s4095.dat,selig,copiado,OK,
s4096,s4096.dat,selig,copiado,OK,
s4110,s4110.dat,selig,copiado,OK,
s4158,s4158.dat,selig,copiado,OK,
s4180,s4180.dat,selig,copiado,OK,
s8064,s8064.dat,selig,copiado,OK,
s8065,s8065.dat,selig,copiado,OK,
s8066,s8066.dat,selig,copiado,OK,
sa7024,sa7024.dat,selig,copiado,OK,
sa7026,sa7026.dat,selig,copiado,OK,
sa7035,sa7035.dat,selig,copiado,OK,
sa7036,sa7036.dat,selig,copiado,OK,
sa7038,sa7038.dat,selig,copiado,OK,
sd2030,sd2030.dat,selig,copiado,OK,
sd7003,sd7003.dat,selig,copiado,OK,
sd7032,sd7032.dat,selig,copiado,OK,
sd7037,sd7037.dat,selig,copiado,OK,
sd7062,sd7062.dat,selig,copiado,OK,
sd7080,sd7080.dat,selig,copiado,OK,
sd8020,sd8020.dat,selig,copiado,OK,
sd8040,sd8040.dat,selig,copiado,OK,
sg6040,sg6040.dat,selig,copiado,OK,
sg6041,sg6041.dat,selig,copiado,OK,
sg6042,sg6042.dat,selig,copiado,OK,
sg6043,sg6043.dat,selig,copiado,OK,
sg6050,sg6050.dat,selig,copiado,OK,
sg6051,sg6051.dat,selig,copiado,OK,
usa35b,usa35b.dat,lednicer,convertido_para_selig,OK,
usa45,usa45.dat,lednicer,convertido_para_selig,OK,
w1011,w1011.dat,selig,copiado,OK,
w1015,w1015.dat,selig,copiado,OK,
