modelo,target,conjunto,R2,RMSE,MSE
XGBoost,CL,treino,0.9953030987595333,0.026348278119770727,0.0006942317598767889
XGBoost,CL,validacao,0.9728655586392554,0.05598731087240758,0.0031345789787236085
XGBoost,CL,teste,0.9526727216624896,0.08250979254131453,0.006807865865210764
XGBoost,CD,treino,0.981696911406118,0.002033313594062578,4.134364171799678e-06
XGBoost,CD,validacao,0.9172539155296974,0.0041182212739013365,1.6959746460813545e-05
XGBoost,CD,teste,0.8580469689935233,0.00644397983691489,4.152487613856565e-05
XGBoost,CM,treino,0.9952135196164288,0.0038301499055444573,1.4670048298942216e-05
XGBoost,CM,validacao,0.8907245739468478,0.013213110706635469,0.00017458629454580489
XGBoost,CM,teste,0.8890262921517221,0.017657684400689985,0.0003117938183943704
